INTERVALSTARTTIME_GMT,INTERVALENDTIME_GMT,OPR_DT,OPR_HR,NODE_ID_XML,NODE_ID,NODE,MARKET_RUN_ID,LMP_TYPE,XML_DATA_ITEM,PNODE_RESMRID,GRP_TYPE,POS,MW,OPR_INTERVAL,GROUP
2024-03-12T20:00:00-00:00,2024-03-12T20:15:00-00:00,2024-03-12,14,BAYSHOR2_1_N001,BAYSHOR2_1_N001,BAYSHOR2_1_N001,HASP,LMP,LMP_PRC,BAYSHOR2_1_N001,ALL,1,-4.88685,1,1
2024-03-12T21:00:00-00:00,2024-03-12T21:15:00-00:00,2024-03-12,15,BAYSHOR2_1_N001,BAYSHOR2_1_N001,BAYSHOR2_1_N001,HASP,LMP,LMP_PRC,BAYSHOR2_1_N001,ALL,1,-2.72667,1,1
2024-03-12T22:00:00-00:00,2024-03-12T22:15:00-00:00,2024-03-12,16,BAYSHOR2_1_N001,BAYSHOR2_1_N001,BAYSHOR2_1_N001,HASP,LMP,LMP_PRC,BAYSHOR2_1_N001,ALL,1,6.15241,1,1
2024-03-12T23:00:00-00:00,2024-03-12T23:15:00-00:00,2024-03-12,17,BAYSHOR2_1_N001,BAYSHOR2_1_N001,BAYSHOR2_1_N001,HASP,LMP,LMP_PRC,BAYSHOR2_1_N001,ALL,1,22.65884,1,1
2024-03-13T00:00:00-00:00,2024-03-13T00:15:00-00:00,2024-03-12,18,BAYSHOR2_1_N001,BAYSHOR2_1_N001,BAYSHOR2_1_N001,HASP,LMP,LMP_PRC,BAYSHOR2_1_N001,ALL,1,1.08737,1,1
2024-03-13T01:00:00-00:00,2024-03-13T01:15:00-00:00,2024-03-12,19,BAYSHOR2_1_N001,BAYSHOR2_1_N001,BAYSHOR2_1_N001,HASP,LMP,LMP_PRC,BAYSHOR2_1_N001,ALL,1,30.59545,1,1
2024-03-13T02:00:00-00:00,2024-03-13T02:15:00-00:00,2024-03-12,20,BAYSHOR2_1_N001,BAYSHOR2_1_N001,BAYSHOR2_1_N001,HASP,LMP,LMP_PRC,BAYSHOR2_1_N001,ALL,1,46.10315,1,1
2024-03-13T03:00:00-00:00,2024-03-13T03:15:00-00:00,2024-03-12,21,BAYSHOR2_1_N001,BAYSHOR2_1_N001,BAYSHOR2_1_N001,HASP,LMP,LMP_PRC,BAYSHOR2_1_N001,ALL,1,43.05322,1,1
2024-03-13T04:00:00-00:00,2024-03-13T04:15:00-00:00,2024-03-12,22,BAYSHOR2_1_N001,BAYSHOR2_1_N001,BAYSHOR2_1_N001,HASP,LMP,LMP_PRC,BAYSHOR2_1_N001,ALL,1,33.83544,1,1
2024-03-13T05:00:00-00:00,2024-03-13T05:15:00-00:00,2024-03-12,23,BAYSHOR2_1_N001,BAYSHOR2_1_N001,BAYSHOR2_1_N001,HASP,LMP,LMP_PRC,BAYSHOR2_1_N001,ALL,1,33.21398,1,1
2024-03-13T06:00:00-00:00,2024-03-13T06:15:00-00:00,2024-03-12,24,BAYSHOR2_1_N001,BAYSHOR2_1_N001,BAYSHOR2_1_N001,HASP,LMP,LMP_PRC,BAYSHOR2_1_N001,ALL,1,30.69366,1,1
2024-03-12T20:15:00-00:00,2024-03-12T20:30:00-00:00,2024-03-12,14,BAYSHOR2_1_N001,BAYSHOR2_1_N001,BAYSHOR2_1_N001,HASP,LMP,LMP_PRC,BAYSHOR2_1_N001,ALL,1,-5.61468,2,1
2024-03-12T21:15:00-00:00,2024-03-12T21:30:00-00:00,2024-03-12,15,BAYSHOR2_1_N001,BAYSHOR2_1_N001,BAYSHOR2_1_N001,HASP,LMP,LMP_PRC,BAYSHOR2_1_N001,ALL,1,-0.67567,2,1
2024-03-12T22:15:00-00:00,2024-03-12T22:30:00-00:00,2024-03-12,16,BAYSHOR2_1_N001,BAYSHOR2_1_N001,BAYSHOR2_1_N001,HASP,LMP,LMP_PRC,BAYSHOR2_1_N001,ALL,1,7.6659,2,1
2024-03-12T23:15:00-00:00,2024-03-12T23:30:00-00:00,2024-03-12,17,BAYSHOR2_1_N001,BAYSHOR2_1_N001,BAYSHOR2_1_N001,HASP,LMP,LMP_PRC,BAYSHOR2_1_N001,ALL,1,26.07227,2,1
2024-03-13T00:15:00-00:00,2024-03-13T00:30:00-00:00,2024-03-12,18,BAYSHOR2_1_N001,BAYSHOR2_1_N001,BAYSHOR2_1_N001,HASP,LMP,LMP_PRC,BAYSHOR2_1_N001,ALL,1,11.247,2,1
2024-03-13T01:15:00-00:00,2024-03-13T01:30:00-00:00,2024-03-12,19,BAYSHOR2_1_N001,BAYSHOR2_1_N001,BAYSHOR2_1_N001,HASP,LMP,LMP_PRC,BAYSHOR2_1_N001,ALL,1,37.33427,2,1
2024-03-13T02:15:00-00:00,2024-03-13T02:30:00-00:00,2024-03-12,20,BAYSHOR2_1_N001,BAYSHOR2_1_N001,BAYSHOR2_1_N001,HASP,LMP,LMP_PRC,BAYSHOR2_1_N001,ALL,1,46.68594,2,1
2024-03-13T03:15:00-00:00,2024-03-13T03:30:00-00:00,2024-03-12,21,BAYSHOR2_1_N001,BAYSHOR2_1_N001,BAYSHOR2_1_N001,HASP,LMP,LMP_PRC,BAYSHOR2_1_N001,ALL,1,37.13611,2,1
2024-03-13T04:15:00-00:00,2024-03-13T04:30:00-00:00,2024-03-12,22,BAYSHOR2_1_N001,BAYSHOR2_1_N001,BAYSHOR2_1_N001,HASP,LMP,LMP_PRC,BAYSHOR2_1_N001,ALL,1,33.57673,2,1
2024-03-13T05:15:00-00:00,2024-03-13T05:30:00-00:00,2024-03-12,23,BAYSHOR2_1_N001,BAYSHOR2_1_N001,BAYSHOR2_1_N001,HASP,LMP,LMP_PRC,BAYSHOR2_1_N001,ALL,1,31.53254,2,1
2024-03-13T06:15:00-00:00,2024-03-13T06:30:00-00:00,2024-03-12,24,BAYSHOR2_1_N001,BAYSHOR2_1_N001,BAYSHOR2_1_N001,HASP,LMP,LMP_PRC,BAYSHOR2_1_N001,ALL,1,30.44353,2,1
2024-03-12T19:30:00-00:00,2024-03-12T19:45:00-00:00,2024-03-12,13,BAYSHOR2_1_N001,BAYSHOR2_1_N001,BAYSHOR2_1_N001,HASP,LMP,LMP_PRC,BAYSHOR2_1_N001,ALL,1,-6.33984,3,1
2024-03-12T20:30:00-00:00,2024-03-12T20:45:00-00:00,2024-03-12,14,BAYSHOR2_1_N001,BAYSHOR2_1_N001,BAYSHOR2_1_N001,HASP,LMP,LMP_PRC,BAYSHOR2_1_N001,ALL,1,-5.40431,3,1
2024-03-12T21:30:00-00:00,2024-03-12T21:45:00-00:00,2024-03-12,15,BAYSHOR2_1_N001,BAYSHOR2_1_N001,BAYSHOR2_1_N001,HASP,LMP,LMP_PRC,BAYSHOR2_1_N001,ALL,1,-0.69538,3,1
2024-03-12T22:30:00-00:00,2024-03-12T22:45:00-00:00,2024-03-12,16,BAYSHOR2_1_N001,BAYSHOR2_1_N001,BAYSHOR2_1_N001,HASP,LMP,LMP_PRC,BAYSHOR2_1_N001,ALL,1,8.41923,3,1
2024-03-12T23:30:00-00:00,2024-03-12T23:45:00-00:00,2024-03-12,17,BAYSHOR2_1_N001,BAYSHOR2_1_N001,BAYSHOR2_1_N001,HASP,LMP,LMP_PRC,BAYSHOR2_1_N001,ALL,1,25.33836,3,1
2024-03-13T00:30:00-00:00,2024-03-13T00:45:00-00:00,2024-03-12,18,BAYSHOR2_1_N001,BAYSHOR2_1_N001,BAYSHOR2_1_N001,HASP,LMP,LMP_PRC,BAYSHOR2_1_N001,ALL,1,22.74175,3,1
2024-03-13T01:30:00-00:00,2024-03-13T01:45:00-00:00,2024-03-12,19,BAYSHOR2_1_N001,BAYSHOR2_1_N001,BAYSHOR2_1_N001,HASP,LMP,LMP_PRC,BAYSHOR2_1_N001,ALL,1,43.16915,3,1
2024-03-13T02:30:00-00:00,2024-03-13T02:45:00-00:00,2024-03-12,20,BAYSHOR2_1_N001,BAYSHOR2_1_N001,BAYSHOR2_1_N001,HASP,LMP,LMP_PRC,BAYSHOR2_1_N001,ALL,1,47.32173,3,1
2024-03-13T03:30:00-00:00,2024-03-13T03:45:00-00:00,2024-03-12,21,BAYSHOR2_1_N001,BAYSHOR2_1_N001,BAYSHOR2_1_N001,HASP,LMP,LMP_PRC,BAYSHOR2_1_N001,ALL,1,33.75971,3,1
2024-03-13T04:30:00-00:00,2024-03-13T04:45:00-00:00,2024-03-12,22,BAYSHOR2_1_N001,BAYSHOR2_1_N001,BAYSHOR2_1_N001,HASP,LMP,LMP_PRC,BAYSHOR2_1_N001,ALL,1,33.31505,3,1
2024-03-13T05:30:00-00:00,2024-03-13T05:45:00-00:00,2024-03-12,23,BAYSHOR2_1_N001,BAYSHOR2_1_N001,BAYSHOR2_1_N001,HASP,LMP,LMP_PRC,BAYSHOR2_1_N001,ALL,1,30.79038,3,1
2024-03-13T06:30:00-00:00,2024-03-13T06:45:00-00:00,2024-03-12,24,BAYSHOR2_1_N001,BAYSHOR2_1_N001,BAYSHOR2_1_N001,HASP,LMP,LMP_PRC,BAYSHOR2_1_N001,ALL,1,29.5443,3,1
2024-03-12T19:45:00-00:00,2024-03-12T20:00:00-00:00,2024-03-12,13,BAYSHOR2_1_N001,BAYSHOR2_1_N001,BAYSHOR2_1_N001,HASP,LMP,LMP_PRC,BAYSHOR2_1_N001,ALL,1,-8.88196,4,1
2024-03-12T20:45:00-00:00,2024-03-12T21:00:00-00:00,2024-03-12,14,BAYSHOR2_1_N001,BAYSHOR2_1_N001,BAYSHOR2_1_N001,HASP,LMP,LMP_PRC,BAYSHOR2_1_N001,ALL,1,-7.83948,4,1
2024-03-12T21:45:00-00:00,2024-03-12T22:00:00-00:00,2024-03-12,15,BAYSHOR2_1_N001,BAYSHOR2_1_N001,BAYSHOR2_1_N001,HASP,LMP,LMP_PRC,BAYSHOR2_1_N001,ALL,1,1.94488,4,1
2024-03-12T22:45:00-00:00,2024-03-12T23:00:00-00:00,2024-03-12,16,BAYSHOR2_1_N001,BAYSHOR2_1_N001,BAYSHOR2_1_N001,HASP,LMP,LMP_PRC,BAYSHOR2_1_N001,ALL,1,4.00121,4,1
2024-03-12T23:45:00-00:00,2024-03-13T00:00:00-00:00,2024-03-12,17,BAYSHOR2_1_N001,BAYSHOR2_1_N001,BAYSHOR2_1_N001,HASP,LMP,LMP_PRC,BAYSHOR2_1_N001,ALL,1,27.44177,4,1
2024-03-13T00:45:00-00:00,2024-03-13T01:00:00-00:00,2024-03-12,18,BAYSHOR2_1_N001,BAYSHOR2_1_N001,BAYSHOR2_1_N001,HASP,LMP,LMP_PRC,BAYSHOR2_1_N001,ALL,1,36.2399,4,1
2024-03-13T01:45:00-00:00,2024-03-13T02:00:00-00:00,2024-03-12,19,BAYSHOR2_1_N001,BAYSHOR2_1_N001,BAYSHOR2_1_N001,HASP,LMP,LMP_PRC,BAYSHOR2_1_N001,ALL,1,44.42605,4,1
2024-03-13T02:45:00-00:00,2024-03-13T03:00:00-00:00,2024-03-12,20,BAYSHOR2_1_N001,BAYSHOR2_1_N001,BAYSHOR2_1_N001,HASP,LMP,LMP_PRC,BAYSHOR2_1_N001,ALL,1,47.44152,4,1
2024-03-13T03:45:00-00:00,2024-03-13T04:00:00-00:00,2024-03-12,21,BAYSHOR2_1_N001,BAYSHOR2_1_N001,BAYSHOR2_1_N001,HASP,LMP,LMP_PRC,BAYSHOR2_1_N001,ALL,1,33.34157,4,1
2024-03-13T04:45:00-00:00,2024-03-13T05:00:00-00:00,2024-03-12,22,BAYSHOR2_1_N001,BAYSHOR2_1_N001,BAYSHOR2_1_N001,HASP,LMP,LMP_PRC,BAYSHOR2_1_N001,ALL,1,32.53793,4,1
2024-03-13T05:45:00-00:00,2024-03-13T06:00:00-00:00,2024-03-12,23,BAYSHOR2_1_N001,BAYSHOR2_1_N001,BAYSHOR2_1_N001,HASP,LMP,LMP_PRC,BAYSHOR2_1_N001,ALL,1,30.26688,4,1
2024-03-13T06:45:00-00:00,2024-03-13T07:00:00-00:00,2024-03-12,24,BAYSHOR2_1_N001,BAYSHOR2_1_N001,BAYSHOR2_1_N001,HASP,LMP,LMP_PRC,BAYSHOR2_1_N001,ALL,1,28.59064,4,1
2024-03-12T20:00:00-00:00,2024-03-12T20:15:00-00:00,2024-03-12,14,BAYSHOR2_1_N001,BAYSHOR2_1_N001,BAYSHOR2_1_N001,HASP,MCC,LMP_CONG_PRC,BAYSHOR2_1_N001,ALL,1,-37.20294,1,2
2024-03-12T21:00:00-00:00,2024-03-12T21:15:00-00:00,2024-03-12,15,BAYSHOR2_1_N001,BAYSHOR2_1_N001,BAYSHOR2_1_N001,HASP,MCC,LMP_CONG_PRC,BAYSHOR2_1_N001,ALL,1,-13.60196,1,2
2024-03-12T22:00:00-00:00,2024-03-12T22:15:00-00:00,2024-03-12,16,BAYSHOR2_1_N001,BAYSHOR2_1_N001,BAYSHOR2_1_N001,HASP,MCC,LMP_CONG_PRC,BAYSHOR2_1_N001,ALL,1,-4.53604,1,2
2024-03-12T23:00:00-00:00,2024-03-12T23:15:00-00:00,2024-03-12,17,BAYSHOR2_1_N001,BAYSHOR2_1_N001,BAYSHOR2_1_N001,HASP,MCC,LMP_CONG_PRC,BAYSHOR2_1_N001,ALL,1,18.47401,1,2
2024-03-13T00:00:00-00:00,2024-03-13T00:15:00-00:00,2024-03-12,18,BAYSHOR2_1_N001,BAYSHOR2_1_N001,BAYSHOR2_1_N001,HASP,MCC,LMP_CONG_PRC,BAYSHOR2_1_N001,ALL,1,1.07638,1,2
2024-03-13T01:00:00-00:00,2024-03-13T01:15:00-00:00,2024-03-12,19,BAYSHOR2_1_N001,BAYSHOR2_1_N001,BAYSHOR2_1_N001,HASP,MCC,LMP_CONG_PRC,BAYSHOR2_1_N001,ALL,1,0.19495,1,2
2024-03-13T02:00:00-00:00,2024-03-13T02:15:00-00:00,2024-03-12,20,BAYSHOR2_1_N001,BAYSHOR2_1_N001,BAYSHOR2_1_N001,HASP,MCC,LMP_CONG_PRC,BAYSHOR2_1_N001,ALL,1,0.03787,1,2
2024-03-13T03:00:00-00:00,2024-03-13T03:15:00-00:00,2024-03-12,21,BAYSHOR2_1_N001,BAYSHOR2_1_N001,BAYSHOR2_1_N001,HASP,MCC,LMP_CONG_PRC,BAYSHOR2_1_N001,ALL,1,0,1,2
2024-03-13T04:00:00-00:00,2024-03-13T04:15:00-00:00,2024-03-12,22,BAYSHOR2_1_N001,BAYSHOR2_1_N001,BAYSHOR2_1_N001,HASP,MCC,LMP_CONG_PRC,BAYSHOR2_1_N001,ALL,1,0,1,2
2024-03-13T05:00:00-00:00,2024-03-13T05:15:00-00:00,2024-03-12,23,BAYSHOR2_1_N001,BAYSHOR2_1_N001,BAYSHOR2_1_N001,HASP,MCC,LMP_CONG_PRC,BAYSHOR2_1_N001,ALL,1,0,1,2
2024-03-13T06:00:00-00:00,2024-03-13T06:15:00-00:00,2024-03-12,24,BAYSHOR2_1_N001,BAYSHOR2_1_N001,BAYSHOR2_1_N001,HASP,MCC,LMP_CONG_PRC,BAYSHOR2_1_N001,ALL,1,0,1,2
2024-03-12T20:15:00-00:00,2024-03-12T20:30:00-00:00,2024-03-12,14,BAYSHOR2_1_N001,BAYSHOR2_1_N001,BAYSHOR2_1_N001,HASP,MCC,LMP_CONG_PRC,BAYSHOR2_1_N001,ALL,1,-36.91138,2,2
2024-03-12T21:15:00-00:00,2024-03-12T21:30:00-00:00,2024-03-12,15,BAYSHOR2_1_N001,BAYSHOR2_1_N001,BAYSHOR2_1_N001,HASP,MCC,LMP_CONG_PRC,BAYSHOR2_1_N001,ALL,1,-11.52795,2,2
2024-03-12T22:15:00-00:00,2024-03-12T22:30:00-00:00,2024-03-12,16,BAYSHOR2_1_N001,BAYSHOR2_1_N001,BAYSHOR2_1_N001,HASP,MCC,LMP_CONG_PRC,BAYSHOR2_1_N001,ALL,1,-3.82571,2,2
2024-03-12T23:15:00-00:00,2024-03-12T23:30:00-00:00,2024-03-12,17,BAYSHOR2_1_N001,BAYSHOR2_1_N001,BAYSHOR2_1_N001,HASP,MCC,LMP_CONG_PRC,BAYSHOR2_1_N001,ALL,1,18.22144,2,2
2024-03-13T00:15:00-00:00,2024-03-13T00:30:00-00:00,2024-03-12,18,BAYSHOR2_1_N001,BAYSHOR2_1_N001,BAYSHOR2_1_N001,HASP,MCC,LMP_CONG_PRC,BAYSHOR2_1_N001,ALL,1,1.57937,2,2
2024-03-13T01:15:00-00:00,2024-03-13T01:30:00-00:00,2024-03-12,19,BAYSHOR2_1_N001,BAYSHOR2_1_N001,BAYSHOR2_1_N001,HASP,MCC,LMP_CONG_PRC,BAYSHOR2_1_N001,ALL,1,0,2,2
2024-03-13T02:15:00-00:00,2024-03-13T02:30:00-00:00,2024-03-12,20,BAYSHOR2_1_N001,BAYSHOR2_1_N001,BAYSHOR2_1_N001,HASP,MCC,LMP_CONG_PRC,BAYSHOR2_1_N001,ALL,1,0.03823,2,2
2024-03-13T03:15:00-00:00,2024-03-13T03:30:00-00:00,2024-03-12,21,BAYSHOR2_1_N001,BAYSHOR2_1_N001,BAYSHOR2_1_N001,HASP,MCC,LMP_CONG_PRC,BAYSHOR2_1_N001,ALL,1,0,2,2
2024-03-13T04:15:00-00:00,2024-03-13T04:30:00-00:00,2024-03-12,22,BAYSHOR2_1_N001,BAYSHOR2_1_N001,BAYSHOR2_1_N001,HASP,MCC,LMP_CONG_PRC,BAYSHOR2_1_N001,ALL,1,0,2,2
2024-03-13T05:15:00-00:00,2024-03-13T05:30:00-00:00,2024-03-12,23,BAYSHOR2_1_N001,BAYSHOR2_1_N001,BAYSHOR2_1_N001,HASP,MCC,LMP_CONG_PRC,BAYSHOR2_1_N001,ALL,1,0,2,2
2024-03-13T06:15:00-00:00,2024-03-13T06:30:00-00:00,2024-03-12,24,BAYSHOR2_1_N001,BAYSHOR2_1_N001,BAYSHOR2_1_N001,HASP,MCC,LMP_CONG_PRC,BAYSHOR2_1_N001,ALL,1,0,2,2
2024-03-12T19:30:00-00:00,2024-03-12T19:45:00-00:00,2024-03-12,13,BAYSHOR2_1_N001,BAYSHOR2_1_N001,BAYSHOR2_1_N001,HASP,MCC,LMP_CONG_PRC,BAYSHOR2_1_N001,ALL,1,-77.56886,3,2
2024-03-12T20:30:00-00:00,2024-03-12T20:45:00-00:00,2024-03-12,14,BAYSHOR2_1_N001,BAYSHOR2_1_N001,BAYSHOR2_1_N001,HASP,MCC,LMP_CONG_PRC,BAYSHOR2_1_N001,ALL,1,-36.58232,3,2
2024-03-12T21:30:00-00:00,2024-03-12T21:45:00-00:00,2024-03-12,15,BAYSHOR2_1_N001,BAYSHOR2_1_N001,BAYSHOR2_1_N001,HASP,MCC,LMP_CONG_PRC,BAYSHOR2_1_N001,ALL,1,-12.57626,3,2
2024-03-12T22:30:00-00:00,2024-03-12T22:45:00-00:00,2024-03-12,16,BAYSHOR2_1_N001,BAYSHOR2_1_N001,BAYSHOR2_1_N001,HASP,MCC,LMP_CONG_PRC,BAYSHOR2_1_N001,ALL,1,-3.46192,3,2
2024-03-12T23:30:00-00:00,2024-03-12T23:45:00-00:00,2024-03-12,17,BAYSHOR2_1_N001,BAYSHOR2_1_N001,BAYSHOR2_1_N001,HASP,MCC,LMP_CONG_PRC,BAYSHOR2_1_N001,ALL,1,15.41006,3,2
2024-03-13T00:30:00-00:00,2024-03-13T00:45:00-00:00,2024-03-12,18,BAYSHOR2_1_N001,BAYSHOR2_1_N001,BAYSHOR2_1_N001,HASP,MCC,LMP_CONG_PRC,BAYSHOR2_1_N001,ALL,1,2.19984,3,2
2024-03-13T01:30:00-00:00,2024-03-13T01:45:00-00:00,2024-03-12,19,BAYSHOR2_1_N001,BAYSHOR2_1_N001,BAYSHOR2_1_N001,HASP,MCC,LMP_CONG_PRC,BAYSHOR2_1_N001,ALL,1,0,3,2
2024-03-13T02:30:00-00:00,2024-03-13T02:45:00-00:00,2024-03-12,20,BAYSHOR2_1_N001,BAYSHOR2_1_N001,BAYSHOR2_1_N001,HASP,MCC,LMP_CONG_PRC,BAYSHOR2_1_N001,ALL,1,0.0427,3,2
2024-03-13T03:30:00-00:00,2024-03-13T03:45:00-00:00,2024-03-12,21,BAYSHOR2_1_N001,BAYSHOR2_1_N001,BAYSHOR2_1_N001,HASP,MCC,LMP_CONG_PRC,BAYSHOR2_1_N001,ALL,1,0,3,2
2024-03-13T04:30:00-00:00,2024-03-13T04:45:00-00:00,2024-03-12,22,BAYSHOR2_1_N001,BAYSHOR2_1_N001,BAYSHOR2_1_N001,HASP,MCC,LMP_CONG_PRC,BAYSHOR2_1_N001,ALL,1,0,3,2
2024-03-13T05:30:00-00:00,2024-03-13T05:45:00-00:00,2024-03-12,23,BAYSHOR2_1_N001,BAYSHOR2_1_N001,BAYSHOR2_1_N001,HASP,MCC,LMP_CONG_PRC,BAYSHOR2_1_N001,ALL,1,0,3,2
2024-03-13T06:30:00-00:00,2024-03-13T06:45:00-00:00,2024-03-12,24,BAYSHOR2_1_N001,BAYSHOR2_1_N001,BAYSHOR2_1_N001,HASP,MCC,LMP_CONG_PRC,BAYSHOR2_1_N001,ALL,1,0,3,2
2024-03-12T19:45:00-00:00,2024-03-12T20:00:00-00:00,2024-03-12,13,BAYSHOR2_1_N001,BAYSHOR2_1_N001,BAYSHOR2_1_N001,HASP,MCC,LMP_CONG_PRC,BAYSHOR2_1_N001,ALL,1,-77.60308,4,2
2024-03-12T20:45:00-00:00,2024-03-12T21:00:00-00:00,2024-03-12,14,BAYSHOR2_1_N001,BAYSHOR2_1_N001,BAYSHOR2_1_N001,HASP,MCC,LMP_CONG_PRC,BAYSHOR2_1_N001,ALL,1,-36.92684,4,2
2024-03-12T21:45:00-00:00,2024-03-12T22:00:00-00:00,2024-03-12,15,BAYSHOR2_1_N001,BAYSHOR2_1_N001,BAYSHOR2_1_N001,HASP,MCC,LMP_CONG_PRC,BAYSHOR2_1_N001,ALL,1,-8.90175,4,2
2024-03-12T22:45:00-00:00,2024-03-12T23:00:00-00:00,2024-03-12,16,BAYSHOR2_1_N001,BAYSHOR2_1_N001,BAYSHOR2_1_N001,HASP,MCC,LMP_CONG_PRC,BAYSHOR2_1_N001,ALL,1,-13.628,4,2
2024-03-12T23:45:00-00:00,2024-03-13T00:00:00-00:00,2024-03-12,17,BAYSHOR2_1_N001,BAYSHOR2_1_N001,BAYSHOR2_1_N001,HASP,MCC,LMP_CONG_PRC,BAYSHOR2_1_N001,ALL,1,11.72139,4,2
2024-03-13T00:45:00-00:00,2024-03-13T01:00:00-00:00,2024-03-12,18,BAYSHOR2_1_N001,BAYSHOR2_1_N001,BAYSHOR2_1_N001,HASP,MCC,LMP_CONG_PRC,BAYSHOR2_1_N001,ALL,1,1.46542,4,2
2024-03-13T01:45:00-00:00,2024-03-13T02:00:00-00:00,2024-03-12,19,BAYSHOR2_1_N001,BAYSHOR2_1_N001,BAYSHOR2_1_N001,HASP,MCC,LMP_CONG_PRC,BAYSHOR2_1_N001,ALL,1,0,4,2
2024-03-13T02:45:00-00:00,2024-03-13T03:00:00-00:00,2024-03-12,20,BAYSHOR2_1_N001,BAYSHOR2_1_N001,BAYSHOR2_1_N001,HASP,MCC,LMP_CONG_PRC,BAYSHOR2_1_N001,ALL,1,0.05002,4,2
2024-03-13T03:45:00-00:00,2024-03-13T04:00:00-00:00,2024-03-12,21,BAYSHOR2_1_N001,BAYSHOR2_1_N001,BAYSHOR2_1_N001,HASP,MCC,LMP_CONG_PRC,BAYSHOR2_1_N001,ALL,1,0,4,2
2024-03-13T04:45:00-00:00,2024-03-13T05:00:00-00:00,2024-03-12,22,BAYSHOR2_1_N001,BAYSHOR2_1_N001,BAYSHOR2_1_N001,HASP,MCC,LMP_CONG_PRC,BAYSHOR2_1_N001,ALL,1,0,4,2
2024-03-13T05:45:00-00:00,2024-03-13T06:00:00-00:00,2024-03-12,23,BAYSHOR2_1_N001,BAYSHOR2_1_N001,BAYSHOR2_1_N001,HASP,MCC,LMP_CONG_PRC,BAYSHOR2_1_N001,ALL,1,0,4,2
2024-03-13T06:45:00-00:00,2024-03-13T07:00:00-00:00,2024-03-12,24,BAYSHOR2_1_N001,BAYSHOR2_1_N001,BAYSHOR2_1_N001,HASP,MCC,LMP_CONG_PRC,BAYSHOR2_1_N001,ALL,1,0,4,2
2024-03-12T20:00:00-00:00,2024-03-12T20:15:00-00:00,2024-03-12,14,BAYSHOR2_1_N001,BAYSHOR2_1_N001,BAYSHOR2_1_N001,HASP,MCE,LMP_ENE_PRC,BAYSHOR2_1_N001,ALL,1,30.61106,1,3
2024-03-12T21:00:00-00:00,2024-03-12T21:15:00-00:00,2024-03-12,15,BAYSHOR2_1_N001,BAYSHOR2_1_N001,BAYSHOR2_1_N001,HASP,MCE,LMP_ENE_PRC,BAYSHOR2_1_N001,ALL,1,10.43393,1,3
2024-03-12T22:00:00-00:00,2024-03-12T22:15:00-00:00,2024-03-12,16,BAYSHOR2_1_N001,BAYSHOR2_1_N001,BAYSHOR2_1_N001,HASP,MCE,LMP_ENE_PRC,BAYSHOR2_1_N001,ALL,1,10.20767,1,3
2024-03-12T23:00:00-00:00,2024-03-12T23:15:00-00:00,2024-03-12,17,BAYSHOR2_1_N001,BAYSHOR2_1_N001,BAYSHOR2_1_N001,HASP,MCE,LMP_ENE_PRC,BAYSHOR2_1_N001,ALL,1,3.99202,1,3
2024-03-13T00:00:00-00:00,2024-03-13T00:15:00-00:00,2024-03-12,18,BAYSHOR2_1_N001,BAYSHOR2_1_N001,BAYSHOR2_1_N001,HASP,MCE,LMP_ENE_PRC,BAYSHOR2_1_N001,ALL,1,0.01027,1,3
2024-03-13T01:00:00-00:00,2024-03-13T01:15:00-00:00,2024-03-12,19,BAYSHOR2_1_N001,BAYSHOR2_1_N001,BAYSHOR2_1_N001,HASP,MCE,LMP_ENE_PRC,BAYSHOR2_1_N001,ALL,1,29.22282,1,3
2024-03-13T02:00:00-00:00,2024-03-13T02:15:00-00:00,2024-03-12,20,BAYSHOR2_1_N001,BAYSHOR2_1_N001,BAYSHOR2_1_N001,HASP,MCE,LMP_ENE_PRC,BAYSHOR2_1_N001,ALL,1,43.77581,1,3
2024-03-13T03:00:00-00:00,2024-03-13T03:15:00-00:00,2024-03-12,21,BAYSHOR2_1_N001,BAYSHOR2_1_N001,BAYSHOR2_1_N001,HASP,MCE,LMP_ENE_PRC,BAYSHOR2_1_N001,ALL,1,41.26243,1,3
2024-03-13T04:00:00-00:00,2024-03-13T04:15:00-00:00,2024-03-12,22,BAYSHOR2_1_N001,BAYSHOR2_1_N001,BAYSHOR2_1_N001,HASP,MCE,LMP_ENE_PRC,BAYSHOR2_1_N001,ALL,1,32.83719,1,3
2024-03-13T05:00:00-00:00,2024-03-13T05:15:00-00:00,2024-03-12,23,BAYSHOR2_1_N001,BAYSHOR2_1_N001,BAYSHOR2_1_N001,HASP,MCE,LMP_ENE_PRC,BAYSHOR2_1_N001,ALL,1,31.97033,1,3
2024-03-13T06:00:00-00:00,2024-03-13T06:15:00-00:00,2024-03-12,24,BAYSHOR2_1_N001,BAYSHOR2_1_N001,BAYSHOR2_1_N001,HASP,MCE,LMP_ENE_PRC,BAYSHOR2_1_N001,ALL,1,29.42543,1,3
2024-03-12T20:15:00-00:00,2024-03-12T20:30:00-00:00,2024-03-12,14,BAYSHOR2_1_N001,BAYSHOR2_1_N001,BAYSHOR2_1_N001,HASP,MCE,LMP_ENE_PRC,BAYSHOR2_1_N001,ALL,1,29.74972,2,3
2024-03-12T21:15:00-00:00,2024-03-12T21:30:00-00:00,2024-03-12,15,BAYSHOR2_1_N001,BAYSHOR2_1_N001,BAYSHOR2_1_N001,HASP,MCE,LMP_ENE_PRC,BAYSHOR2_1_N001,ALL,1,10.43288,2,3
2024-03-12T22:15:00-00:00,2024-03-12T22:30:00-00:00,2024-03-12,16,BAYSHOR2_1_N001,BAYSHOR2_1_N001,BAYSHOR2_1_N001,HASP,MCE,LMP_ENE_PRC,BAYSHOR2_1_N001,ALL,1,11.01046,2,3
2024-03-12T23:15:00-00:00,2024-03-12T23:30:00-00:00,2024-03-12,17,BAYSHOR2_1_N001,BAYSHOR2_1_N001,BAYSHOR2_1_N001,HASP,MCE,LMP_ENE_PRC,BAYSHOR2_1_N001,ALL,1,7.49769,2,3
2024-03-13T00:15:00-00:00,2024-03-13T00:30:00-00:00,2024-03-12,18,BAYSHOR2_1_N001,BAYSHOR2_1_N001,BAYSHOR2_1_N001,HASP,MCE,LMP_ENE_PRC,BAYSHOR2_1_N001,ALL,1,9.06143,2,3
2024-03-13T01:15:00-00:00,2024-03-13T01:30:00-00:00,2024-03-12,19,BAYSHOR2_1_N001,BAYSHOR2_1_N001,BAYSHOR2_1_N001,HASP,MCE,LMP_ENE_PRC,BAYSHOR2_1_N001,ALL,1,36.1591,2,3
2024-03-13T02:15:00-00:00,2024-03-13T02:30:00-00:00,2024-03-12,20,BAYSHOR2_1_N001,BAYSHOR2_1_N001,BAYSHOR2_1_N001,HASP,MCE,LMP_ENE_PRC,BAYSHOR2_1_N001,ALL,1,44.22003,2,3
2024-03-13T03:15:00-00:00,2024-03-13T03:30:00-00:00,2024-03-12,21,BAYSHOR2_1_N001,BAYSHOR2_1_N001,BAYSHOR2_1_N001,HASP,MCE,LMP_ENE_PRC,BAYSHOR2_1_N001,ALL,1,35.74217,2,3
2024-03-13T04:15:00-00:00,2024-03-13T04:30:00-00:00,2024-03-12,22,BAYSHOR2_1_N001,BAYSHOR2_1_N001,BAYSHOR2_1_N001,HASP,MCE,LMP_ENE_PRC,BAYSHOR2_1_N001,ALL,1,32.52298,2,3
2024-03-13T05:15:00-00:00,2024-03-13T05:30:00-00:00,2024-03-12,23,BAYSHOR2_1_N001,BAYSHOR2_1_N001,BAYSHOR2_1_N001,HASP,MCE,LMP_ENE_PRC,BAYSHOR2_1_N001,ALL,1,30.27027,2,3
2024-03-13T06:15:00-00:00,2024-03-13T06:30:00-00:00,2024-03-12,24,BAYSHOR2_1_N001,BAYSHOR2_1_N001,BAYSHOR2_1_N001,HASP,MCE,LMP_ENE_PRC,BAYSHOR2_1_N001,ALL,1,29.33468,2,3
2024-03-12T19:30:00-00:00,2024-03-12T19:45:00-00:00,2024-03-12,13,BAYSHOR2_1_N001,BAYSHOR2_1_N001,BAYSHOR2_1_N001,HASP,MCE,LMP_ENE_PRC,BAYSHOR2_1_N001,ALL,1,67.13385,3,3
2024-03-12T20:30:00-00:00,2024-03-12T20:45:00-00:00,2024-03-12,14,BAYSHOR2_1_N001,BAYSHOR2_1_N001,BAYSHOR2_1_N001,HASP,MCE,LMP_ENE_PRC,BAYSHOR2_1_N001,ALL,1,29.65944,3,3
2024-03-12T21:30:00-00:00,2024-03-12T21:45:00-00:00,2024-03-12,15,BAYSHOR2_1_N001,BAYSHOR2_1_N001,BAYSHOR2_1_N001,HASP,MCE,LMP_ENE_PRC,BAYSHOR2_1_N001,ALL,1,11.40309,3,3
2024-03-12T22:30:00-00:00,2024-03-12T22:45:00-00:00,2024-03-12,16,BAYSHOR2_1_N001,BAYSHOR2_1_N001,BAYSHOR2_1_N001,HASP,MCE,LMP_ENE_PRC,BAYSHOR2_1_N001,ALL,1,11.39023,3,3
2024-03-12T23:30:00-00:00,2024-03-12T23:45:00-00:00,2024-03-12,17,BAYSHOR2_1_N001,BAYSHOR2_1_N001,BAYSHOR2_1_N001,HASP,MCE,LMP_ENE_PRC,BAYSHOR2_1_N001,ALL,1,9.47989,3,3
2024-03-13T00:30:00-00:00,2024-03-13T00:45:00-00:00,2024-03-12,18,BAYSHOR2_1_N001,BAYSHOR2_1_N001,BAYSHOR2_1_N001,HASP,MCE,LMP_ENE_PRC,BAYSHOR2_1_N001,ALL,1,19.53768,3,3
2024-03-13T01:30:00-00:00,2024-03-13T01:45:00-00:00,2024-03-12,19,BAYSHOR2_1_N001,BAYSHOR2_1_N001,BAYSHOR2_1_N001,HASP,MCE,LMP_ENE_PRC,BAYSHOR2_1_N001,ALL,1,41.91993,3,3
2024-03-13T02:30:00-00:00,2024-03-13T02:45:00-00:00,2024-03-12,20,BAYSHOR2_1_N001,BAYSHOR2_1_N001,BAYSHOR2_1_N001,HASP,MCE,LMP_ENE_PRC,BAYSHOR2_1_N001,ALL,1,44.62811,3,3
2024-03-13T03:30:00-00:00,2024-03-13T03:45:00-00:00,2024-03-12,21,BAYSHOR2_1_N001,BAYSHOR2_1_N001,BAYSHOR2_1_N001,HASP,MCE,LMP_ENE_PRC,BAYSHOR2_1_N001,ALL,1,32.60232,3,3
2024-03-13T04:30:00-00:00,2024-03-13T04:45:00-00:00,2024-03-12,22,BAYSHOR2_1_N001,BAYSHOR2_1_N001,BAYSHOR2_1_N001,HASP,MCE,LMP_ENE_PRC,BAYSHOR2_1_N001,ALL,1,32.30707,3,3
2024-03-13T05:30:00-00:00,2024-03-13T05:45:00-00:00,2024-03-12,23,BAYSHOR2_1_N001,BAYSHOR2_1_N001,BAYSHOR2_1_N001,HASP,MCE,LMP_ENE_PRC,BAYSHOR2_1_N001,ALL,1,29.55215,3,3
2024-03-13T06:30:00-00:00,2024-03-13T06:45:00-00:00,2024-03-12,24,BAYSHOR2_1_N001,BAYSHOR2_1_N001,BAYSHOR2_1_N001,HASP,MCE,LMP_ENE_PRC,BAYSHOR2_1_N001,ALL,1,28.44901,3,3
2024-03-12T19:45:00-00:00,2024-03-12T20:00:00-00:00,2024-03-12,13,BAYSHOR2_1_N001,BAYSHOR2_1_N001,BAYSHOR2_1_N001,HASP,MCE,LMP_ENE_PRC,BAYSHOR2_1_N001,ALL,1,64.75183,4,3
2024-03-12T20:45:00-00:00,2024-03-12T21:00:00-00:00,2024-03-12,14,BAYSHOR2_1_N001,BAYSHOR2_1_N001,BAYSHOR2_1_N001,HASP,MCE,LMP_ENE_PRC,BAYSHOR2_1_N001,ALL,1,27.68379,4,3
2024-03-12T21:45:00-00:00,2024-03-12T22:00:00-00:00,2024-03-12,15,BAYSHOR2_1_N001,BAYSHOR2_1_N001,BAYSHOR2_1_N001,HASP,MCE,LMP_ENE_PRC,BAYSHOR2_1_N001,ALL,1,10.42343,4,3
2024-03-12T22:45:00-00:00,2024-03-12T23:00:00-00:00,2024-03-12,16,BAYSHOR2_1_N001,BAYSHOR2_1_N001,BAYSHOR2_1_N001,HASP,MCE,LMP_ENE_PRC,BAYSHOR2_1_N001,ALL,1,16.84105,4,3
2024-03-12T23:45:00-00:00,2024-03-13T00:00:00-00:00,2024-03-12,17,BAYSHOR2_1_N001,BAYSHOR2_1_N001,BAYSHOR2_1_N001,HASP,MCE,LMP_ENE_PRC,BAYSHOR2_1_N001,ALL,1,15.01326,4,3
2024-03-13T00:45:00-00:00,2024-03-13T01:00:00-00:00,2024-03-12,18,BAYSHOR2_1_N001,BAYSHOR2_1_N001,BAYSHOR2_1_N001,HASP,MCE,LMP_ENE_PRC,BAYSHOR2_1_N001,ALL,1,33.50466,4,3
2024-03-13T01:45:00-00:00,2024-03-13T02:00:00-00:00,2024-03-12,19,BAYSHOR2_1_N001,BAYSHOR2_1_N001,BAYSHOR2_1_N001,HASP,MCE,LMP_ENE_PRC,BAYSHOR2_1_N001,ALL,1,43.01932,4,3
2024-03-13T02:45:00-00:00,2024-03-13T03:00:00-00:00,2024-03-12,20,BAYSHOR2_1_N001,BAYSHOR2_1_N001,BAYSHOR2_1_N001,HASP,MCE,LMP_ENE_PRC,BAYSHOR2_1_N001,ALL,1,44.68788,4,3
2024-03-13T03:45:00-00:00,2024-03-13T04:00:00-00:00,2024-03-12,21,BAYSHOR2_1_N001,BAYSHOR2_1_N001,BAYSHOR2_1_N001,HASP,MCE,LMP_ENE_PRC,BAYSHOR2_1_N001,ALL,1,31.96393,4,3
2024-03-13T04:45:00-00:00,2024-03-13T05:00:00-00:00,2024-03-12,22,BAYSHOR2_1_N001,BAYSHOR2_1_N001,BAYSHOR2_1_N001,HASP,MCE,LMP_ENE_PRC,BAYSHOR2_1_N001,ALL,1,31.60556,4,3
2024-03-13T05:45:00-00:00,2024-03-13T06:00:00-00:00,2024-03-12,23,BAYSHOR2_1_N001,BAYSHOR2_1_N001,BAYSHOR2_1_N001,HASP,MCE,LMP_ENE_PRC,BAYSHOR2_1_N001,ALL,1,29.17571,4,3
2024-03-13T06:45:00-00:00,2024-03-13T07:00:00-00:00,2024-03-12,24,BAYSHOR2_1_N001,BAYSHOR2_1_N001,BAYSHOR2_1_N001,HASP,MCE,LMP_ENE_PRC,BAYSHOR2_1_N001,ALL,1,27.6078,4,3
2024-03-12T20:00:00-00:00,2024-03-12T20:15:00-00:00,2024-03-12,14,BAYSHOR2_1_N001,BAYSHOR2_1_N001,BAYSHOR2_1_N001,HASP,MCL,LMP_LOSS_PRC,BAYSHOR2_1_N001,ALL,1,1.70504,1,4
2024-03-12T21:00:00-00:00,2024-03-12T21:15:00-00:00,2024-03-12,15,BAYSHOR2_1_N001,BAYSHOR2_1_N001,BAYSHOR2_1_N001,HASP,MCL,LMP_LOSS_PRC,BAYSHOR2_1_N001,ALL,1,0.44136,1,4
2024-03-12T22:00:00-00:00,2024-03-12T22:15:00-00:00,2024-03-12,16,BAYSHOR2_1_N001,BAYSHOR2_1_N001,BAYSHOR2_1_N001,HASP,MCL,LMP_LOSS_PRC,BAYSHOR2_1_N001,ALL,1,0.48078,1,4
2024-03-12T23:00:00-00:00,2024-03-12T23:15:00-00:00,2024-03-12,17,BAYSHOR2_1_N001,BAYSHOR2_1_N001,BAYSHOR2_1_N001,HASP,MCL,LMP_LOSS_PRC,BAYSHOR2_1_N001,ALL,1,0.19281,1,4
2024-03-13T00:00:00-00:00,2024-03-13T00:15:00-00:00,2024-03-12,18,BAYSHOR2_1_N001,BAYSHOR2_1_N001,BAYSHOR2_1_N001,HASP,MCL,LMP_LOSS_PRC,BAYSHOR2_1_N001,ALL,1,0.00072,1,4
2024-03-13T01:00:00-00:00,2024-03-13T01:15:00-00:00,2024-03-12,19,BAYSHOR2_1_N001,BAYSHOR2_1_N001,BAYSHOR2_1_N001,HASP,MCL,LMP_LOSS_PRC,BAYSHOR2_1_N001,ALL,1,1.17768,1,4
2024-03-13T02:00:00-00:00,2024-03-13T02:15:00-00:00,2024-03-12,20,BAYSHOR2_1_N001,BAYSHOR2_1_N001,BAYSHOR2_1_N001,HASP,MCL,LMP_LOSS_PRC,BAYSHOR2_1_N001,ALL,1,2.28947,1,4
2024-03-13T03:00:00-00:00,2024-03-13T03:15:00-00:00,2024-03-12,21,BAYSHOR2_1_N001,BAYSHOR2_1_N001,BAYSHOR2_1_N001,HASP,MCL,LMP_LOSS_PRC,BAYSHOR2_1_N001,ALL,1,1.79079,1,4
2024-03-13T04:00:00-00:00,2024-03-13T04:15:00-00:00,2024-03-12,22,BAYSHOR2_1_N001,BAYSHOR2_1_N001,BAYSHOR2_1_N001,HASP,MCL,LMP_LOSS_PRC,BAYSHOR2_1_N001,ALL,1,0.99825,1,4
2024-03-13T05:00:00-00:00,2024-03-13T05:15:00-00:00,2024-03-12,23,BAYSHOR2_1_N001,BAYSHOR2_1_N001,BAYSHOR2_1_N001,HASP,MCL,LMP_LOSS_PRC,BAYSHOR2_1_N001,ALL,1,1.24365,1,4
2024-03-13T06:00:00-00:00,2024-03-13T06:15:00-00:00,2024-03-12,24,BAYSHOR2_1_N001,BAYSHOR2_1_N001,BAYSHOR2_1_N001,HASP,MCL,LMP_LOSS_PRC,BAYSHOR2_1_N001,ALL,1,1.26824,1,4
2024-03-12T20:15:00-00:00,2024-03-12T20:30:00-00:00,2024-03-12,14,BAYSHOR2_1_N001,BAYSHOR2_1_N001,BAYSHOR2_1_N001,HASP,MCL,LMP_LOSS_PRC,BAYSHOR2_1_N001,ALL,1,1.54699,2,4
2024-03-12T21:15:00-00:00,2024-03-12T21:30:00-00:00,2024-03-12,15,BAYSHOR2_1_N001,BAYSHOR2_1_N001,BAYSHOR2_1_N001,HASP,MCL,LMP_LOSS_PRC,BAYSHOR2_1_N001,ALL,1,0.4194,2,4
2024-03-12T22:15:00-00:00,2024-03-12T22:30:00-00:00,2024-03-12,16,BAYSHOR2_1_N001,BAYSHOR2_1_N001,BAYSHOR2_1_N001,HASP,MCL,LMP_LOSS_PRC,BAYSHOR2_1_N001,ALL,1,0.48116,2,4
2024-03-12T23:15:00-00:00,2024-03-12T23:30:00-00:00,2024-03-12,17,BAYSHOR2_1_N001,BAYSHOR2_1_N001,BAYSHOR2_1_N001,HASP,MCL,LMP_LOSS_PRC,BAYSHOR2_1_N001,ALL,1,0.35314,2,4
2024-03-13T00:15:00-00:00,2024-03-13T00:30:00-00:00,2024-03-12,18,BAYSHOR2_1_N001,BAYSHOR2_1_N001,BAYSHOR2_1_N001,HASP,MCL,LMP_LOSS_PRC,BAYSHOR2_1_N001,ALL,1,0.60621,2,4
2024-03-13T01:15:00-00:00,2024-03-13T01:30:00-00:00,2024-03-12,19,BAYSHOR2_1_N001,BAYSHOR2_1_N001,BAYSHOR2_1_N001,HASP,MCL,LMP_LOSS_PRC,BAYSHOR2_1_N001,ALL,1,1.17517,2,4
2024-03-13T02:15:00-00:00,2024-03-13T02:30:00-00:00,2024-03-12,20,BAYSHOR2_1_N001,BAYSHOR2_1_N001,BAYSHOR2_1_N001,HASP,MCL,LMP_LOSS_PRC,BAYSHOR2_1_N001,ALL,1,2.42768,2,4
2024-03-13T03:15:00-00:00,2024-03-13T03:30:00-00:00,2024-03-12,21,BAYSHOR2_1_N001,BAYSHOR2_1_N001,BAYSHOR2_1_N001,HASP,MCL,LMP_LOSS_PRC,BAYSHOR2_1_N001,ALL,1,1.39394,2,4
2024-03-13T04:15:00-00:00,2024-03-13T04:30:00-00:00,2024-03-12,22,BAYSHOR2_1_N001,BAYSHOR2_1_N001,BAYSHOR2_1_N001,HASP,MCL,LMP_LOSS_PRC,BAYSHOR2_1_N001,ALL,1,1.05374,2,4
2024-03-13T05:15:00-00:00,2024-03-13T05:30:00-00:00,2024-03-12,23,BAYSHOR2_1_N001,BAYSHOR2_1_N001,BAYSHOR2_1_N001,HASP,MCL,LMP_LOSS_PRC,BAYSHOR2_1_N001,ALL,1,1.26227,2,4
2024-03-13T06:15:00-00:00,2024-03-13T06:30:00-00:00,2024-03-12,24,BAYSHOR2_1_N001,BAYSHOR2_1_N001,BAYSHOR2_1_N001,HASP,MCL,LMP_LOSS_PRC,BAYSHOR2_1_N001,ALL,1,1.10885,2,4
2024-03-12T19:30:00-00:00,2024-03-12T19:45:00-00:00,2024-03-12,13,BAYSHOR2_1_N001,BAYSHOR2_1_N001,BAYSHOR2_1_N001,HASP,MCL,LMP_LOSS_PRC,BAYSHOR2_1_N001,ALL,1,4.09516,3,4
2024-03-12T20:30:00-00:00,2024-03-12T20:45:00-00:00,2024-03-12,14,BAYSHOR2_1_N001,BAYSHOR2_1_N001,BAYSHOR2_1_N001,HASP,MCL,LMP_LOSS_PRC,BAYSHOR2_1_N001,ALL,1,1.51856,3,4
2024-03-12T21:30:00-00:00,2024-03-12T21:45:00-00:00,2024-03-12,15,BAYSHOR2_1_N001,BAYSHOR2_1_N001,BAYSHOR2_1_N001,HASP,MCL,LMP_LOSS_PRC,BAYSHOR2_1_N001,ALL,1,0.47779,3,4
2024-03-12T22:30:00-00:00,2024-03-12T22:45:00-00:00,2024-03-12,16,BAYSHOR2_1_N001,BAYSHOR2_1_N001,BAYSHOR2_1_N001,HASP,MCL,LMP_LOSS_PRC,BAYSHOR2_1_N001,ALL,1,0.49092,3,4
2024-03-12T23:30:00-00:00,2024-03-12T23:45:00-00:00,2024-03-12,17,BAYSHOR2_1_N001,BAYSHOR2_1_N001,BAYSHOR2_1_N001,HASP,MCL,LMP_LOSS_PRC,BAYSHOR2_1_N001,ALL,1,0.4484,3,4
2024-03-13T00:30:00-00:00,2024-03-13T00:45:00-00:00,2024-03-12,18,BAYSHOR2_1_N001,BAYSHOR2_1_N001,BAYSHOR2_1_N001,HASP,MCL,LMP_LOSS_PRC,BAYSHOR2_1_N001,ALL,1,1.00424,3,4
2024-03-13T01:30:00-00:00,2024-03-13T01:45:00-00:00,2024-03-12,19,BAYSHOR2_1_N001,BAYSHOR2_1_N001,BAYSHOR2_1_N001,HASP,MCL,LMP_LOSS_PRC,BAYSHOR2_1_N001,ALL,1,1.24921,3,4
2024-03-13T02:30:00-00:00,2024-03-13T02:45:00-00:00,2024-03-12,20,BAYSHOR2_1_N001,BAYSHOR2_1_N001,BAYSHOR2_1_N001,HASP,MCL,LMP_LOSS_PRC,BAYSHOR2_1_N001,ALL,1,2.65091,3,4
2024-03-13T03:30:00-00:00,2024-03-13T03:45:00-00:00,2024-03-12,21,BAYSHOR2_1_N001,BAYSHOR2_1_N001,BAYSHOR2_1_N001,HASP,MCL,LMP_LOSS_PRC,BAYSHOR2_1_N001,ALL,1,1.15738,3,4
2024-03-13T04:30:00-00:00,2024-03-13T04:45:00-00:00,2024-03-12,22,BAYSHOR2_1_N001,BAYSHOR2_1_N001,BAYSHOR2_1_N001,HASP,MCL,LMP_LOSS_PRC,BAYSHOR2_1_N001,ALL,1,1.00798,3,4
2024-03-13T05:30:00-00:00,2024-03-13T05:45:00-00:00,2024-03-12,23,BAYSHOR2_1_N001,BAYSHOR2_1_N001,BAYSHOR2_1_N001,HASP,MCL,LMP_LOSS_PRC,BAYSHOR2_1_N001,ALL,1,1.23823,3,4
2024-03-13T06:30:00-00:00,2024-03-13T06:45:00-00:00,2024-03-12,24,BAYSHOR2_1_N001,BAYSHOR2_1_N001,BAYSHOR2_1_N001,HASP,MCL,LMP_LOSS_PRC,BAYSHOR2_1_N001,ALL,1,1.09529,3,4
2024-03-12T19:45:00-00:00,2024-03-12T20:00:00-00:00,2024-03-12,13,BAYSHOR2_1_N001,BAYSHOR2_1_N001,BAYSHOR2_1_N001,HASP,MCL,LMP_LOSS_PRC,BAYSHOR2_1_N001,ALL,1,3.96929,4,4
2024-03-12T20:45:00-00:00,2024-03-12T21:00:00-00:00,2024-03-12,14,BAYSHOR2_1_N001,BAYSHOR2_1_N001,BAYSHOR2_1_N001,HASP,MCL,LMP_LOSS_PRC,BAYSHOR2_1_N001,ALL,1,1.40357,4,4
2024-03-12T21:45:00-00:00,2024-03-12T22:00:00-00:00,2024-03-12,15,BAYSHOR2_1_N001,BAYSHOR2_1_N001,BAYSHOR2_1_N001,HASP,MCL,LMP_LOSS_PRC,BAYSHOR2_1_N001,ALL,1,0.42319,4,4
2024-03-12T22:45:00-00:00,2024-03-12T23:00:00-00:00,2024-03-12,16,BAYSHOR2_1_N001,BAYSHOR2_1_N001,BAYSHOR2_1_N001,HASP,MCL,LMP_LOSS_PRC,BAYSHOR2_1_N001,ALL,1,0.78816,4,4
2024-03-12T23:45:00-00:00,2024-03-13T00:00:00-00:00,2024-03-12,17,BAYSHOR2_1_N001,BAYSHOR2_1_N001,BAYSHOR2_1_N001,HASP,MCL,LMP_LOSS_PRC,BAYSHOR2_1_N001,ALL,1,0.70712,4,4
2024-03-13T00:45:00-00:00,2024-03-13T01:00:00-00:00,2024-03-12,18,BAYSHOR2_1_N001,BAYSHOR2_1_N001,BAYSHOR2_1_N001,HASP,MCL,LMP_LOSS_PRC,BAYSHOR2_1_N001,ALL,1,1.26983,4,4
2024-03-13T01:45:00-00:00,2024-03-13T02:00:00-00:00,2024-03-12,19,BAYSHOR2_1_N001,BAYSHOR2_1_N001,BAYSHOR2_1_N001,HASP,MCL,LMP_LOSS_PRC,BAYSHOR2_1_N001,ALL,1,1.40673,4,4
2024-03-13T02:45:00-00:00,2024-03-13T03:00:00-00:00,2024-03-12,20,BAYSHOR2_1_N001,BAYSHOR2_1_N001,BAYSHOR2_1_N001,HASP,MCL,LMP_LOSS_PRC,BAYSHOR2_1_N001,ALL,1,2.70362,4,4
2024-03-13T03:45:00-00:00,2024-03-13T04:00:00-00:00,2024-03-12,21,BAYSHOR2_1_N001,BAYSHOR2_1_N001,BAYSHOR2_1_N001,HASP,MCL,LMP_LOSS_PRC,BAYSHOR2_1_N001,ALL,1,1.37765,4,4
2024-03-13T04:45:00-00:00,2024-03-13T05:00:00-00:00,2024-03-12,22,BAYSHOR2_1_N001,BAYSHOR2_1_N001,BAYSHOR2_1_N001,HASP,MCL,LMP_LOSS_PRC,BAYSHOR2_1_N001,ALL,1,0.93236,4,4
2024-03-13T05:45:00-00:00,2024-03-13T06:00:00-00:00,2024-03-12,23,BAYSHOR2_1_N001,BAYSHOR2_1_N001,BAYSHOR2_1_N001,HASP,MCL,LMP_LOSS_PRC,BAYSHOR2_1_N001,ALL,1,1.09117,4,4
2024-03-13T06:45:00-00:00,2024-03-13T07:00:00-00:00,2024-03-12,24,BAYSHOR2_1_N001,BAYSHOR2_1_N001,BAYSHOR2_1_N001,HASP,MCL,LMP_LOSS_PRC,BAYSHOR2_1_N001,ALL,1,0.98284,4,4
2024-03-13T07:00:00-00:00,2024-03-13T07:15:00-00:00,2024-03-13,01,BAYSHOR2_1_N001,BAYSHOR2_1_N001,BAYSHOR2_1_N001,HASP,LMP,LMP_PRC,BAYSHOR2_1_N001,ALL,1,32.14109,1,5
2024-03-13T08:00:00-00:00,2024-03-13T08:15:00-00:00,2024-03-13,02,BAYSHOR2_1_N001,BAYSHOR2_1_N001,BAYSHOR2_1_N001,HASP,LMP,LMP_PRC,BAYSHOR2_1_N001,ALL,1,34.06034,1,5
2024-03-13T09:00:00-00:00,2024-03-13T09:15:00-00:00,2024-03-13,03,BAYSHOR2_1_N001,BAYSHOR2_1_N001,BAYSHOR2_1_N001,HASP,LMP,LMP_PRC,BAYSHOR2_1_N001,ALL,1,32.80016,1,5
2024-03-13T10:00:00-00:00,2024-03-13T10:15:00-00:00,2024-03-13,04,BAYSHOR2_1_N001,BAYSHOR2_1_N001,BAYSHOR2_1_N001,HASP,LMP,LMP_PRC,BAYSHOR2_1_N001,ALL,1,30.95048,1,5
2024-03-13T11:00:00-00:00,2024-03-13T11:15:00-00:00,2024-03-13,05,BAYSHOR2_1_N001,BAYSHOR2_1_N001,BAYSHOR2_1_N001,HASP,LMP,LMP_PRC,BAYSHOR2_1_N001,ALL,1,31.24649,1,5
2024-03-13T12:00:00-00:00,2024-03-13T12:15:00-00:00,2024-03-13,06,BAYSHOR2_1_N001,BAYSHOR2_1_N001,BAYSHOR2_1_N001,HASP,LMP,LMP_PRC,BAYSHOR2_1_N001,ALL,1,32.66346,1,5
2024-03-13T13:00:00-00:00,2024-03-13T13:15:00-00:00,2024-03-13,07,BAYSHOR2_1_N001,BAYSHOR2_1_N001,BAYSHOR2_1_N001,HASP,LMP,LMP_PRC,BAYSHOR2_1_N001,ALL,1,41.23537,1,5
2024-03-13T14:00:00-00:00,2024-03-13T14:15:00-00:00,2024-03-13,08,BAYSHOR2_1_N001,BAYSHOR2_1_N001,BAYSHOR2_1_N001,HASP,LMP,LMP_PRC,BAYSHOR2_1_N001,ALL,1,67.55454,1,5
2024-03-13T15:00:00-00:00,2024-03-13T15:15:00-00:00,2024-03-13,09,BAYSHOR2_1_N001,BAYSHOR2_1_N001,BAYSHOR2_1_N001,HASP,LMP,LMP_PRC,BAYSHOR2_1_N001,ALL,1,54.28851,1,5
2024-03-13T16:00:00-00:00,2024-03-13T16:15:00-00:00,2024-03-13,10,BAYSHOR2_1_N001,BAYSHOR2_1_N001,BAYSHOR2_1_N001,HASP,LMP,LMP_PRC,BAYSHOR2_1_N001,ALL,1,29.96864,1,5
2024-03-13T17:00:00-00:00,2024-03-13T17:15:00-00:00,2024-03-13,11,BAYSHOR2_1_N001,BAYSHOR2_1_N001,BAYSHOR2_1_N001,HASP,LMP,LMP_PRC,BAYSHOR2_1_N001,ALL,1,38.29774,1,5
2024-03-13T18:00:00-00:00,2024-03-13T18:15:00-00:00,2024-03-13,12,BAYSHOR2_1_N001,BAYSHOR2_1_N001,BAYSHOR2_1_N001,HASP,LMP,LMP_PRC,BAYSHOR2_1_N001,ALL,1,35.19358,1,5
2024-03-13T19:00:00-00:00,2024-03-13T19:15:00-00:00,2024-03-13,13,BAYSHOR2_1_N001,BAYSHOR2_1_N001,BAYSHOR2_1_N001,HASP,LMP,LMP_PRC,BAYSHOR2_1_N001,ALL,1,33.97162,1,5
2024-03-13T20:00:00-00:00,2024-03-13T20:15:00-00:00,2024-03-13,14,BAYSHOR2_1_N001,BAYSHOR2_1_N001,BAYSHOR2_1_N001,HASP,LMP,LMP_PRC,BAYSHOR2_1_N001,ALL,1,32.233,1,5
2024-03-13T07:15:00-00:00,2024-03-13T07:30:00-00:00,2024-03-13,01,BAYSHOR2_1_N001,BAYSHOR2_1_N001,BAYSHOR2_1_N001,HASP,LMP,LMP_PRC,BAYSHOR2_1_N001,ALL,1,31.92033,2,5
2024-03-13T08:15:00-00:00,2024-03-13T08:30:00-00:00,2024-03-13,02,BAYSHOR2_1_N001,BAYSHOR2_1_N001,BAYSHOR2_1_N001,HASP,LMP,LMP_PRC,BAYSHOR2_1_N001,ALL,1,32.33014,2,5
2024-03-13T09:15:00-00:00,2024-03-13T09:30:00-00:00,2024-03-13,03,BAYSHOR2_1_N001,BAYSHOR2_1_N001,BAYSHOR2_1_N001,HASP,LMP,LMP_PRC,BAYSHOR2_1_N001,ALL,1,31.63445,2,5
2024-03-13T10:15:00-00:00,2024-03-13T10:30:00-00:00,2024-03-13,04,BAYSHOR2_1_N001,BAYSHOR2_1_N001,BAYSHOR2_1_N001,HASP,LMP,LMP_PRC,BAYSHOR2_1_N001,ALL,1,31.18007,2,5
2024-03-13T11:15:00-00:00,2024-03-13T11:30:00-00:00,2024-03-13,05,BAYSHOR2_1_N001,BAYSHOR2_1_N001,BAYSHOR2_1_N001,HASP,LMP,LMP_PRC,BAYSHOR2_1_N001,ALL,1,31.53961,2,5
2024-03-13T12:15:00-00:00,2024-03-13T12:30:00-00:00,2024-03-13,06,BAYSHOR2_1_N001,BAYSHOR2_1_N001,BAYSHOR2_1_N001,HASP,LMP,LMP_PRC,BAYSHOR2_1_N001,ALL,1,35.55764,2,5
2024-03-13T13:15:00-00:00,2024-03-13T13:30:00-00:00,2024-03-13,07,BAYSHOR2_1_N001,BAYSHOR2_1_N001,BAYSHOR2_1_N001,HASP,LMP,LMP_PRC,BAYSHOR2_1_N001,ALL,1,51.15368,2,5
2024-03-13T14:15:00-00:00,2024-03-13T14:30:00-00:00,2024-03-13,08,BAYSHOR2_1_N001,BAYSHOR2_1_N001,BAYSHOR2_1_N001,HASP,LMP,LMP_PRC,BAYSHOR2_1_N001,ALL,1,58.3567,2,5
2024-03-13T15:15:00-00:00,2024-03-13T15:30:00-00:00,2024-03-13,09,BAYSHOR2_1_N001,BAYSHOR2_1_N001,BAYSHOR2_1_N001,HASP,LMP,LMP_PRC,BAYSHOR2_1_N001,ALL,1,48.84792,2,5
2024-03-13T16:15:00-00:00,2024-03-13T16:30:00-00:00,2024-03-13,10,BAYSHOR2_1_N001,BAYSHOR2_1_N001,BAYSHOR2_1_N001,HASP,LMP,LMP_PRC,BAYSHOR2_1_N001,ALL,1,28.7056,2,5
2024-03-13T17:15:00-00:00,2024-03-13T17:30:00-00:00,2024-03-13,11,BAYSHOR2_1_N001,BAYSHOR2_1_N001,BAYSHOR2_1_N001,HASP,LMP,LMP_PRC,BAYSHOR2_1_N001,ALL,1,34.24179,2,5
2024-03-13T18:15:00-00:00,2024-03-13T18:30:00-00:00,2024-03-13,12,BAYSHOR2_1_N001,BAYSHOR2_1_N001,BAYSHOR2_1_N001,HASP,LMP,LMP_PRC,BAYSHOR2_1_N001,ALL,1,35.03308,2,5
2024-03-13T19:15:00-00:00,2024-03-13T19:30:00-00:00,2024-03-13,13,BAYSHOR2_1_N001,BAYSHOR2_1_N001,BAYSHOR2_1_N001,HASP,LMP,LMP_PRC,BAYSHOR2_1_N001,ALL,1,33.44223,2,5
2024-03-13T20:15:00-00:00,2024-03-13T20:30:00-00:00,2024-03-13,14,BAYSHOR2_1_N001,BAYSHOR2_1_N001,BAYSHOR2_1_N001,HASP,LMP,LMP_PRC,BAYSHOR2_1_N001,ALL,1,30.35756,2,5
2024-03-13T07:30:00-00:00,2024-03-13T07:45:00-00:00,2024-03-13,01,BAYSHOR2_1_N001,BAYSHOR2_1_N001,BAYSHOR2_1_N001,HASP,LMP,LMP_PRC,BAYSHOR2_1_N001,ALL,1,31.68713,3,5
2024-03-13T08:30:00-00:00,2024-03-13T08:45:00-00:00,2024-03-13,02,BAYSHOR2_1_N001,BAYSHOR2_1_N001,BAYSHOR2_1_N001,HASP,LMP,LMP_PRC,BAYSHOR2_1_N001,ALL,1,31.87256,3,5
2024-03-13T09:30:00-00:00,2024-03-13T09:45:00-00:00,2024-03-13,03,BAYSHOR2_1_N001,BAYSHOR2_1_N001,BAYSHOR2_1_N001,HASP,LMP,LMP_PRC,BAYSHOR2_1_N001,ALL,1,31.60461,3,5
2024-03-13T10:30:00-00:00,2024-03-13T10:45:00-00:00,2024-03-13,04,BAYSHOR2_1_N001,BAYSHOR2_1_N001,BAYSHOR2_1_N001,HASP,LMP,LMP_PRC,BAYSHOR2_1_N001,ALL,1,31.56084,3,5
2024-03-13T11:30:00-00:00,2024-03-13T11:45:00-00:00,2024-03-13,05,BAYSHOR2_1_N001,BAYSHOR2_1_N001,BAYSHOR2_1_N001,HASP,LMP,LMP_PRC,BAYSHOR2_1_N001,ALL,1,33.84081,3,5
2024-03-13T12:30:00-00:00,2024-03-13T12:45:00-00:00,2024-03-13,06,BAYSHOR2_1_N001,BAYSHOR2_1_N001,BAYSHOR2_1_N001,HASP,LMP,LMP_PRC,BAYSHOR2_1_N001,ALL,1,39.4048,3,5
2024-03-13T13:30:00-00:00,2024-03-13T13:45:00-00:00,2024-03-13,07,BAYSHOR2_1_N001,BAYSHOR2_1_N001,BAYSHOR2_1_N001,HASP,LMP,LMP_PRC,BAYSHOR2_1_N001,ALL,1,57.69894,3,5
2024-03-13T14:30:00-00:00,2024-03-13T14:45:00-00:00,2024-03-13,08,BAYSHOR2_1_N001,BAYSHOR2_1_N001,BAYSHOR2_1_N001,HASP,LMP,LMP_PRC,BAYSHOR2_1_N001,ALL,1,56.70186,3,5
2024-03-13T15:30:00-00:00,2024-03-13T15:45:00-00:00,2024-03-13,09,BAYSHOR2_1_N001,BAYSHOR2_1_N001,BAYSHOR2_1_N001,HASP,LMP,LMP_PRC,BAYSHOR2_1_N001,ALL,1,30.91495,3,5
2024-03-13T16:30:00-00:00,2024-03-13T16:45:00-00:00,2024-03-13,10,BAYSHOR2_1_N001,BAYSHOR2_1_N001,BAYSHOR2_1_N001,HASP,LMP,LMP_PRC,BAYSHOR2_1_N001,ALL,1,26.92267,3,5
2024-03-13T17:30:00-00:00,2024-03-13T17:45:00-00:00,2024-03-13,11,BAYSHOR2_1_N001,BAYSHOR2_1_N001,BAYSHOR2_1_N001,HASP,LMP,LMP_PRC,BAYSHOR2_1_N001,ALL,1,35.31659,3,5
2024-03-13T18:30:00-00:00,2024-03-13T18:45:00-00:00,2024-03-13,12,BAYSHOR2_1_N001,BAYSHOR2_1_N001,BAYSHOR2_1_N001,HASP,LMP,LMP_PRC,BAYSHOR2_1_N001,ALL,1,35.05418,3,5
2024-03-13T19:30:00-00:00,2024-03-13T19:45:00-00:00,2024-03-13,13,BAYSHOR2_1_N001,BAYSHOR2_1_N001,BAYSHOR2_1_N001,HASP,LMP,LMP_PRC,BAYSHOR2_1_N001,ALL,1,33.38311,3,5
2024-03-13T20:30:00-00:00,2024-03-13T20:45:00-00:00,2024-03-13,14,BAYSHOR2_1_N001,BAYSHOR2_1_N001,BAYSHOR2_1_N001,HASP,LMP,LMP_PRC,BAYSHOR2_1_N001,ALL,1,28.50283,3,5
2024-03-13T07:45:00-00:00,2024-03-13T08:00:00-00:00,2024-03-13,01,BAYSHOR2_1_N001,BAYSHOR2_1_N001,BAYSHOR2_1_N001,HASP,LMP,LMP_PRC,BAYSHOR2_1_N001,ALL,1,30.81231,4,5
2024-03-13T08:45:00-00:00,2024-03-13T09:00:00-00:00,2024-03-13,02,BAYSHOR2_1_N001,BAYSHOR2_1_N001,BAYSHOR2_1_N001,HASP,LMP,LMP_PRC,BAYSHOR2_1_N001,ALL,1,31.66023,4,5
2024-03-13T09:45:00-00:00,2024-03-13T10:00:00-00:00,2024-03-13,03,BAYSHOR2_1_N001,BAYSHOR2_1_N001,BAYSHOR2_1_N001,HASP,LMP,LMP_PRC,BAYSHOR2_1_N001,ALL,1,31.59735,4,5
2024-03-13T10:45:00-00:00,2024-03-13T11:00:00-00:00,2024-03-13,04,BAYSHOR2_1_N001,BAYSHOR2_1_N001,BAYSHOR2_1_N001,HASP,LMP,LMP_PRC,BAYSHOR2_1_N001,ALL,1,31.81768,4,5
2024-03-13T11:45:00-00:00,2024-03-13T12:00:00-00:00,2024-03-13,05,BAYSHOR2_1_N001,BAYSHOR2_1_N001,BAYSHOR2_1_N001,HASP,LMP,LMP_PRC,BAYSHOR2_1_N001,ALL,1,35.3761,4,5
2024-03-13T12:45:00-00:00,2024-03-13T13:00:00-00:00,2024-03-13,06,BAYSHOR2_1_N001,BAYSHOR2_1_N001,BAYSHOR2_1_N001,HASP,LMP,LMP_PRC,BAYSHOR2_1_N001,ALL,1,51.05662,4,5
2024-03-13T13:45:00-00:00,2024-03-13T14:00:00-00:00,2024-03-13,07,BAYSHOR2_1_N001,BAYSHOR2_1_N001,BAYSHOR2_1_N001,HASP,LMP,LMP_PRC,BAYSHOR2_1_N001,ALL,1,61.09003,4,5
2024-03-13T14:45:00-00:00,2024-03-13T15:00:00-00:00,2024-03-13,08,BAYSHOR2_1_N001,BAYSHOR2_1_N001,BAYSHOR2_1_N001,HASP,LMP,LMP_PRC,BAYSHOR2_1_N001,ALL,1,41.83885,4,5
2024-03-13T15:45:00-00:00,2024-03-13T16:00:00-00:00,2024-03-13,09,BAYSHOR2_1_N001,BAYSHOR2_1_N001,BAYSHOR2_1_N001,HASP,LMP,LMP_PRC,BAYSHOR2_1_N001,ALL,1,27.45604,4,5
2024-03-13T16:45:00-00:00,2024-03-13T17:00:00-00:00,2024-03-13,10,BAYSHOR2_1_N001,BAYSHOR2_1_N001,BAYSHOR2_1_N001,HASP,LMP,LMP_PRC,BAYSHOR2_1_N001,ALL,1,25.32438,4,5
2024-03-13T17:45:00-00:00,2024-03-13T18:00:00-00:00,2024-03-13,11,BAYSHOR2_1_N001,BAYSHOR2_1_N001,BAYSHOR2_1_N001,HASP,LMP,LMP_PRC,BAYSHOR2_1_N001,ALL,1,35.33033,4,5
2024-03-13T18:45:00-00:00,2024-03-13T19:00:00-00:00,2024-03-13,12,BAYSHOR2_1_N001,BAYSHOR2_1_N001,BAYSHOR2_1_N001,HASP,LMP,LMP_PRC,BAYSHOR2_1_N001,ALL,1,33.82637,4,5
2024-03-13T19:45:00-00:00,2024-03-13T20:00:00-00:00,2024-03-13,13,BAYSHOR2_1_N001,BAYSHOR2_1_N001,BAYSHOR2_1_N001,HASP,LMP,LMP_PRC,BAYSHOR2_1_N001,ALL,1,33.38311,4,5
2024-03-13T20:45:00-00:00,2024-03-13T21:00:00-00:00,2024-03-13,14,BAYSHOR2_1_N001,BAYSHOR2_1_N001,BAYSHOR2_1_N001,HASP,LMP,LMP_PRC,BAYSHOR2_1_N001,ALL,1,28.50156,4,5
2024-03-13T07:00:00-00:00,2024-03-13T07:15:00-00:00,2024-03-13,01,BAYSHOR2_1_N001,BAYSHOR2_1_N001,BAYSHOR2_1_N001,HASP,MCC,LMP_CONG_PRC,BAYSHOR2_1_N001,ALL,1,0,1,6
2024-03-13T08:00:00-00:00,2024-03-13T08:15:00-00:00,2024-03-13,02,BAYSHOR2_1_N001,BAYSHOR2_1_N001,BAYSHOR2_1_N001,HASP,MCC,LMP_CONG_PRC,BAYSHOR2_1_N001,ALL,1,0,1,6
2024-03-13T09:00:00-00:00,2024-03-13T09:15:00-00:00,2024-03-13,03,BAYSHOR2_1_N001,BAYSHOR2_1_N001,BAYSHOR2_1_N001,HASP,MCC,LMP_CONG_PRC,BAYSHOR2_1_N001,ALL,1,0,1,6
2024-03-13T10:00:00-00:00,2024-03-13T10:15:00-00:00,2024-03-13,04,BAYSHOR2_1_N001,BAYSHOR2_1_N001,BAYSHOR2_1_N001,HASP,MCC,LMP_CONG_PRC,BAYSHOR2_1_N001,ALL,1,0,1,6
2024-03-13T11:00:00-00:00,2024-03-13T11:15:00-00:00,2024-03-13,05,BAYSHOR2_1_N001,BAYSHOR2_1_N001,BAYSHOR2_1_N001,HASP,MCC,LMP_CONG_PRC,BAYSHOR2_1_N001,ALL,1,0,1,6
2024-03-13T12:00:00-00:00,2024-03-13T12:15:00-00:00,2024-03-13,06,BAYSHOR2_1_N001,BAYSHOR2_1_N001,BAYSHOR2_1_N001,HASP,MCC,LMP_CONG_PRC,BAYSHOR2_1_N001,ALL,1,0,1,6
2024-03-13T13:00:00-00:00,2024-03-13T13:15:00-00:00,2024-03-13,07,BAYSHOR2_1_N001,BAYSHOR2_1_N001,BAYSHOR2_1_N001,HASP,MCC,LMP_CONG_PRC,BAYSHOR2_1_N001,ALL,1,0,1,6
2024-03-13T14:00:00-00:00,2024-03-13T14:15:00-00:00,2024-03-13,08,BAYSHOR2_1_N001,BAYSHOR2_1_N001,BAYSHOR2_1_N001,HASP,MCC,LMP_CONG_PRC,BAYSHOR2_1_N001,ALL,1,0,1,6
2024-03-13T15:00:00-00:00,2024-03-13T15:15:00-00:00,2024-03-13,09,BAYSHOR2_1_N001,BAYSHOR2_1_N001,BAYSHOR2_1_N001,HASP,MCC,LMP_CONG_PRC,BAYSHOR2_1_N001,ALL,1,4.28731,1,6
2024-03-13T16:00:00-00:00,2024-03-13T16:15:00-00:00,2024-03-13,10,BAYSHOR2_1_N001,BAYSHOR2_1_N001,BAYSHOR2_1_N001,HASP,MCC,LMP_CONG_PRC,BAYSHOR2_1_N001,ALL,1,5.85709,1,6
2024-03-13T17:00:00-00:00,2024-03-13T17:15:00-00:00,2024-03-13,11,BAYSHOR2_1_N001,BAYSHOR2_1_N001,BAYSHOR2_1_N001,HASP,MCC,LMP_CONG_PRC,BAYSHOR2_1_N001,ALL,1,21.2877,1,6
2024-03-13T18:00:00-00:00,2024-03-13T18:15:00-00:00,2024-03-13,12,BAYSHOR2_1_N001,BAYSHOR2_1_N001,BAYSHOR2_1_N001,HASP,MCC,LMP_CONG_PRC,BAYSHOR2_1_N001,ALL,1,30.07646,1,6
2024-03-13T19:00:00-00:00,2024-03-13T19:15:00-00:00,2024-03-13,13,BAYSHOR2_1_N001,BAYSHOR2_1_N001,BAYSHOR2_1_N001,HASP,MCC,LMP_CONG_PRC,BAYSHOR2_1_N001,ALL,1,28.92701,1,6
2024-03-13T20:00:00-00:00,2024-03-13T20:15:00-00:00,2024-03-13,14,BAYSHOR2_1_N001,BAYSHOR2_1_N001,BAYSHOR2_1_N001,HASP,MCC,LMP_CONG_PRC,BAYSHOR2_1_N001,ALL,1,29.67797,1,6
2024-03-13T07:15:00-00:00,2024-03-13T07:30:00-00:00,2024-03-13,01,BAYSHOR2_1_N001,BAYSHOR2_1_N001,BAYSHOR2_1_N001,HASP,MCC,LMP_CONG_PRC,BAYSHOR2_1_N001,ALL,1,0,2,6
2024-03-13T08:15:00-00:00,2024-03-13T08:30:00-00:00,2024-03-13,02,BAYSHOR2_1_N001,BAYSHOR2_1_N001,BAYSHOR2_1_N001,HASP,MCC,LMP_CONG_PRC,BAYSHOR2_1_N001,ALL,1,0,2,6
2024-03-13T09:15:00-00:00,2024-03-13T09:30:00-00:00,2024-03-13,03,BAYSHOR2_1_N001,BAYSHOR2_1_N001,BAYSHOR2_1_N001,HASP,MCC,LMP_CONG_PRC,BAYSHOR2_1_N001,ALL,1,0,2,6
2024-03-13T10:15:00-00:00,2024-03-13T10:30:00-00:00,2024-03-13,04,BAYSHOR2_1_N001,BAYSHOR2_1_N001,BAYSHOR2_1_N001,HASP,MCC,LMP_CONG_PRC,BAYSHOR2_1_N001,ALL,1,0,2,6
2024-03-13T11:15:00-00:00,2024-03-13T11:30:00-00:00,2024-03-13,05,BAYSHOR2_1_N001,BAYSHOR2_1_N001,BAYSHOR2_1_N001,HASP,MCC,LMP_CONG_PRC,BAYSHOR2_1_N001,ALL,1,0,2,6
2024-03-13T12:15:00-00:00,2024-03-13T12:30:00-00:00,2024-03-13,06,BAYSHOR2_1_N001,BAYSHOR2_1_N001,BAYSHOR2_1_N001,HASP,MCC,LMP_CONG_PRC,BAYSHOR2_1_N001,ALL,1,0,2,6
2024-03-13T13:15:00-00:00,2024-03-13T13:30:00-00:00,2024-03-13,07,BAYSHOR2_1_N001,BAYSHOR2_1_N001,BAYSHOR2_1_N001,HASP,MCC,LMP_CONG_PRC,BAYSHOR2_1_N001,ALL,1,0,2,6
2024-03-13T14:15:00-00:00,2024-03-13T14:30:00-00:00,2024-03-13,08,BAYSHOR2_1_N001,BAYSHOR2_1_N001,BAYSHOR2_1_N001,HASP,MCC,LMP_CONG_PRC,BAYSHOR2_1_N001,ALL,1,0,2,6
2024-03-13T15:15:00-00:00,2024-03-13T15:30:00-00:00,2024-03-13,09,BAYSHOR2_1_N001,BAYSHOR2_1_N001,BAYSHOR2_1_N001,HASP,MCC,LMP_CONG_PRC,BAYSHOR2_1_N001,ALL,1,4.09131,2,6
2024-03-13T16:15:00-00:00,2024-03-13T16:30:00-00:00,2024-03-13,10,BAYSHOR2_1_N001,BAYSHOR2_1_N001,BAYSHOR2_1_N001,HASP,MCC,LMP_CONG_PRC,BAYSHOR2_1_N001,ALL,1,8.98265,2,6
2024-03-13T17:15:00-00:00,2024-03-13T17:30:00-00:00,2024-03-13,11,BAYSHOR2_1_N001,BAYSHOR2_1_N001,BAYSHOR2_1_N001,HASP,MCC,LMP_CONG_PRC,BAYSHOR2_1_N001,ALL,1,20.63178,2,6
2024-03-13T18:15:00-00:00,2024-03-13T18:30:00-00:00,2024-03-13,12,BAYSHOR2_1_N001,BAYSHOR2_1_N001,BAYSHOR2_1_N001,HASP,MCC,LMP_CONG_PRC,BAYSHOR2_1_N001,ALL,1,29.90256,2,6
2024-03-13T19:15:00-00:00,2024-03-13T19:30:00-00:00,2024-03-13,13,BAYSHOR2_1_N001,BAYSHOR2_1_N001,BAYSHOR2_1_N001,HASP,MCC,LMP_CONG_PRC,BAYSHOR2_1_N001,ALL,1,28.86925,2,6
2024-03-13T20:15:00-00:00,2024-03-13T20:30:00-00:00,2024-03-13,14,BAYSHOR2_1_N001,BAYSHOR2_1_N001,BAYSHOR2_1_N001,HASP,MCC,LMP_CONG_PRC,BAYSHOR2_1_N001,ALL,1,29.24361,2,6
2024-03-13T07:30:00-00:00,2024-03-13T07:45:00-00:00,2024-03-13,01,BAYSHOR2_1_N001,BAYSHOR2_1_N001,BAYSHOR2_1_N001,HASP,MCC,LMP_CONG_PRC,BAYSHOR2_1_N001,ALL,1,0,3,6
2024-03-13T08:30:00-00:00,2024-03-13T08:45:00-00:00,2024-03-13,02,BAYSHOR2_1_N001,BAYSHOR2_1_N001,BAYSHOR2_1_N001,HASP,MCC,LMP_CONG_PRC,BAYSHOR2_1_N001,ALL,1,0,3,6
2024-03-13T09:30:00-00:00,2024-03-13T09:45:00-00:00,2024-03-13,03,BAYSHOR2_1_N001,BAYSHOR2_1_N001,BAYSHOR2_1_N001,HASP,MCC,LMP_CONG_PRC,BAYSHOR2_1_N001,ALL,1,0,3,6
2024-03-13T10:30:00-00:00,2024-03-13T10:45:00-00:00,2024-03-13,04,BAYSHOR2_1_N001,BAYSHOR2_1_N001,BAYSHOR2_1_N001,HASP,MCC,LMP_CONG_PRC,BAYSHOR2_1_N001,ALL,1,0,3,6
2024-03-13T11:30:00-00:00,2024-03-13T11:45:00-00:00,2024-03-13,05,BAYSHOR2_1_N001,BAYSHOR2_1_N001,BAYSHOR2_1_N001,HASP,MCC,LMP_CONG_PRC,BAYSHOR2_1_N001,ALL,1,0,3,6
2024-03-13T12:30:00-00:00,2024-03-13T12:45:00-00:00,2024-03-13,06,BAYSHOR2_1_N001,BAYSHOR2_1_N001,BAYSHOR2_1_N001,HASP,MCC,LMP_CONG_PRC,BAYSHOR2_1_N001,ALL,1,0,3,6
2024-03-13T13:30:00-00:00,2024-03-13T13:45:00-00:00,2024-03-13,07,BAYSHOR2_1_N001,BAYSHOR2_1_N001,BAYSHOR2_1_N001,HASP,MCC,LMP_CONG_PRC,BAYSHOR2_1_N001,ALL,1,0,3,6
2024-03-13T14:30:00-00:00,2024-03-13T14:45:00-00:00,2024-03-13,08,BAYSHOR2_1_N001,BAYSHOR2_1_N001,BAYSHOR2_1_N001,HASP,MCC,LMP_CONG_PRC,BAYSHOR2_1_N001,ALL,1,1.70066,3,6
2024-03-13T15:30:00-00:00,2024-03-13T15:45:00-00:00,2024-03-13,09,BAYSHOR2_1_N001,BAYSHOR2_1_N001,BAYSHOR2_1_N001,HASP,MCC,LMP_CONG_PRC,BAYSHOR2_1_N001,ALL,1,3.84092,3,6
2024-03-13T16:30:00-00:00,2024-03-13T16:45:00-00:00,2024-03-13,10,BAYSHOR2_1_N001,BAYSHOR2_1_N001,BAYSHOR2_1_N001,HASP,MCC,LMP_CONG_PRC,BAYSHOR2_1_N001,ALL,1,14.30905,3,6
2024-03-13T17:30:00-00:00,2024-03-13T17:45:00-00:00,2024-03-13,11,BAYSHOR2_1_N001,BAYSHOR2_1_N001,BAYSHOR2_1_N001,HASP,MCC,LMP_CONG_PRC,BAYSHOR2_1_N001,ALL,1,26.47005,3,6
2024-03-13T18:30:00-00:00,2024-03-13T18:45:00-00:00,2024-03-13,12,BAYSHOR2_1_N001,BAYSHOR2_1_N001,BAYSHOR2_1_N001,HASP,MCC,LMP_CONG_PRC,BAYSHOR2_1_N001,ALL,1,30.47487,3,6
2024-03-13T19:30:00-00:00,2024-03-13T19:45:00-00:00,2024-03-13,13,BAYSHOR2_1_N001,BAYSHOR2_1_N001,BAYSHOR2_1_N001,HASP,MCC,LMP_CONG_PRC,BAYSHOR2_1_N001,ALL,1,29.95491,3,6
2024-03-13T20:30:00-00:00,2024-03-13T20:45:00-00:00,2024-03-13,14,BAYSHOR2_1_N001,BAYSHOR2_1_N001,BAYSHOR2_1_N001,HASP,MCC,LMP_CONG_PRC,BAYSHOR2_1_N001,ALL,1,29.00279,3,6
2024-03-13T07:45:00-00:00,2024-03-13T08:00:00-00:00,2024-03-13,01,BAYSHOR2_1_N001,BAYSHOR2_1_N001,BAYSHOR2_1_N001,HASP,MCC,LMP_CONG_PRC,BAYSHOR2_1_N001,ALL,1,0,4,6
2024-03-13T08:45:00-00:00,2024-03-13T09:00:00-00:00,2024-03-13,02,BAYSHOR2_1_N001,BAYSHOR2_1_N001,BAYSHOR2_1_N001,HASP,MCC,LMP_CONG_PRC,BAYSHOR2_1_N001,ALL,1,0,4,6
2024-03-13T09:45:00-00:00,2024-03-13T10:00:00-00:00,2024-03-13,03,BAYSHOR2_1_N001,BAYSHOR2_1_N001,BAYSHOR2_1_N001,HASP,MCC,LMP_CONG_PRC,BAYSHOR2_1_N001,ALL,1,0,4,6
2024-03-13T10:45:00-00:00,2024-03-13T11:00:00-00:00,2024-03-13,04,BAYSHOR2_1_N001,BAYSHOR2_1_N001,BAYSHOR2_1_N001,HASP,MCC,LMP_CONG_PRC,BAYSHOR2_1_N001,ALL,1,0,4,6
2024-03-13T11:45:00-00:00,2024-03-13T12:00:00-00:00,2024-03-13,05,BAYSHOR2_1_N001,BAYSHOR2_1_N001,BAYSHOR2_1_N001,HASP,MCC,LMP_CONG_PRC,BAYSHOR2_1_N001,ALL,1,0,4,6
2024-03-13T12:45:00-00:00,2024-03-13T13:00:00-00:00,2024-03-13,06,BAYSHOR2_1_N001,BAYSHOR2_1_N001,BAYSHOR2_1_N001,HASP,MCC,LMP_CONG_PRC,BAYSHOR2_1_N001,ALL,1,0,4,6
2024-03-13T13:45:00-00:00,2024-03-13T14:00:00-00:00,2024-03-13,07,BAYSHOR2_1_N001,BAYSHOR2_1_N001,BAYSHOR2_1_N001,HASP,MCC,LMP_CONG_PRC,BAYSHOR2_1_N001,ALL,1,0,4,6
2024-03-13T14:45:00-00:00,2024-03-13T15:00:00-00:00,2024-03-13,08,BAYSHOR2_1_N001,BAYSHOR2_1_N001,BAYSHOR2_1_N001,HASP,MCC,LMP_CONG_PRC,BAYSHOR2_1_N001,ALL,1,3.64498,4,6
2024-03-13T15:45:00-00:00,2024-03-13T16:00:00-00:00,2024-03-13,09,BAYSHOR2_1_N001,BAYSHOR2_1_N001,BAYSHOR2_1_N001,HASP,MCC,LMP_CONG_PRC,BAYSHOR2_1_N001,ALL,1,4.79871,4,6
2024-03-13T16:45:00-00:00,2024-03-13T17:00:00-00:00,2024-03-13,10,BAYSHOR2_1_N001,BAYSHOR2_1_N001,BAYSHOR2_1_N001,HASP,MCC,LMP_CONG_PRC,BAYSHOR2_1_N001,ALL,1,14.58263,4,6
2024-03-13T17:45:00-00:00,2024-03-13T18:00:00-00:00,2024-03-13,11,BAYSHOR2_1_N001,BAYSHOR2_1_N001,BAYSHOR2_1_N001,HASP,MCC,LMP_CONG_PRC,BAYSHOR2_1_N001,ALL,1,29.11553,4,6
2024-03-13T18:45:00-00:00,2024-03-13T19:00:00-00:00,2024-03-13,12,BAYSHOR2_1_N001,BAYSHOR2_1_N001,BAYSHOR2_1_N001,HASP,MCC,LMP_CONG_PRC,BAYSHOR2_1_N001,ALL,1,30.08704,4,6
2024-03-13T19:45:00-00:00,2024-03-13T20:00:00-00:00,2024-03-13,13,BAYSHOR2_1_N001,BAYSHOR2_1_N001,BAYSHOR2_1_N001,HASP,MCC,LMP_CONG_PRC,BAYSHOR2_1_N001,ALL,1,29.95491,4,6
2024-03-13T20:45:00-00:00,2024-03-13T21:00:00-00:00,2024-03-13,14,BAYSHOR2_1_N001,BAYSHOR2_1_N001,BAYSHOR2_1_N001,HASP,MCC,LMP_CONG_PRC,BAYSHOR2_1_N001,ALL,1,28.79379,4,6
2024-03-13T07:00:00-00:00,2024-03-13T07:15:00-00:00,2024-03-13,01,BAYSHOR2_1_N001,BAYSHOR2_1_N001,BAYSHOR2_1_N001,HASP,MCE,LMP_ENE_PRC,BAYSHOR2_1_N001,ALL,1,31.30524,1,7
2024-03-13T08:00:00-00:00,2024-03-13T08:15:00-00:00,2024-03-13,02,BAYSHOR2_1_N001,BAYSHOR2_1_N001,BAYSHOR2_1_N001,HASP,MCE,LMP_ENE_PRC,BAYSHOR2_1_N001,ALL,1,33.08113,1,7
2024-03-13T09:00:00-00:00,2024-03-13T09:15:00-00:00,2024-03-13,03,BAYSHOR2_1_N001,BAYSHOR2_1_N001,BAYSHOR2_1_N001,HASP,MCE,LMP_ENE_PRC,BAYSHOR2_1_N001,ALL,1,31.64206,1,7
2024-03-13T10:00:00-00:00,2024-03-13T10:15:00-00:00,2024-03-13,04,BAYSHOR2_1_N001,BAYSHOR2_1_N001,BAYSHOR2_1_N001,HASP,MCE,LMP_ENE_PRC,BAYSHOR2_1_N001,ALL,1,29.54982,1,7
2024-03-13T11:00:00-00:00,2024-03-13T11:15:00-00:00,2024-03-13,05,BAYSHOR2_1_N001,BAYSHOR2_1_N001,BAYSHOR2_1_N001,HASP,MCE,LMP_ENE_PRC,BAYSHOR2_1_N001,ALL,1,29.84098,1,7
2024-03-13T12:00:00-00:00,2024-03-13T12:15:00-00:00,2024-03-13,06,BAYSHOR2_1_N001,BAYSHOR2_1_N001,BAYSHOR2_1_N001,HASP,MCE,LMP_ENE_PRC,BAYSHOR2_1_N001,ALL,1,31.33487,1,7
2024-03-13T13:00:00-00:00,2024-03-13T13:15:00-00:00,2024-03-13,07,BAYSHOR2_1_N001,BAYSHOR2_1_N001,BAYSHOR2_1_N001,HASP,MCE,LMP_ENE_PRC,BAYSHOR2_1_N001,ALL,1,39.36175,1,7
2024-03-13T14:00:00-00:00,2024-03-13T14:15:00-00:00,2024-03-13,08,BAYSHOR2_1_N001,BAYSHOR2_1_N001,BAYSHOR2_1_N001,HASP,MCE,LMP_ENE_PRC,BAYSHOR2_1_N001,ALL,1,63.41958,1,7
2024-03-13T15:00:00-00:00,2024-03-13T15:15:00-00:00,2024-03-13,09,BAYSHOR2_1_N001,BAYSHOR2_1_N001,BAYSHOR2_1_N001,HASP,MCE,LMP_ENE_PRC,BAYSHOR2_1_N001,ALL,1,50.0012,1,7
2024-03-13T16:00:00-00:00,2024-03-13T16:15:00-00:00,2024-03-13,10,BAYSHOR2_1_N001,BAYSHOR2_1_N001,BAYSHOR2_1_N001,HASP,MCE,LMP_ENE_PRC,BAYSHOR2_1_N001,ALL,1,24.11155,1,7
2024-03-13T17:00:00-00:00,2024-03-13T17:15:00-00:00,2024-03-13,11,BAYSHOR2_1_N001,BAYSHOR2_1_N001,BAYSHOR2_1_N001,HASP,MCE,LMP_ENE_PRC,BAYSHOR2_1_N001,ALL,1,17.01004,1,7
2024-03-13T18:00:00-00:00,2024-03-13T18:15:00-00:00,2024-03-13,12,BAYSHOR2_1_N001,BAYSHOR2_1_N001,BAYSHOR2_1_N001,HASP,MCE,LMP_ENE_PRC,BAYSHOR2_1_N001,ALL,1,5.11712,1,7
2024-03-13T19:00:00-00:00,2024-03-13T19:15:00-00:00,2024-03-13,13,BAYSHOR2_1_N001,BAYSHOR2_1_N001,BAYSHOR2_1_N001,HASP,MCE,LMP_ENE_PRC,BAYSHOR2_1_N001,ALL,1,5.04461,1,7
2024-03-13T20:00:00-00:00,2024-03-13T20:15:00-00:00,2024-03-13,14,BAYSHOR2_1_N001,BAYSHOR2_1_N001,BAYSHOR2_1_N001,HASP,MCE,LMP_ENE_PRC,BAYSHOR2_1_N001,ALL,1,2.36576,1,7
2024-03-13T07:15:00-00:00,2024-03-13T07:30:00-00:00,2024-03-13,01,BAYSHOR2_1_N001,BAYSHOR2_1_N001,BAYSHOR2_1_N001,HASP,MCE,LMP_ENE_PRC,BAYSHOR2_1_N001,ALL,1,31.0147,2,7
2024-03-13T08:15:00-00:00,2024-03-13T08:30:00-00:00,2024-03-13,02,BAYSHOR2_1_N001,BAYSHOR2_1_N001,BAYSHOR2_1_N001,HASP,MCE,LMP_ENE_PRC,BAYSHOR2_1_N001,ALL,1,31.37326,2,7
2024-03-13T09:15:00-00:00,2024-03-13T09:30:00-00:00,2024-03-13,03,BAYSHOR2_1_N001,BAYSHOR2_1_N001,BAYSHOR2_1_N001,HASP,MCE,LMP_ENE_PRC,BAYSHOR2_1_N001,ALL,1,30.53518,2,7
2024-03-13T10:15:00-00:00,2024-03-13T10:30:00-00:00,2024-03-13,04,BAYSHOR2_1_N001,BAYSHOR2_1_N001,BAYSHOR2_1_N001,HASP,MCE,LMP_ENE_PRC,BAYSHOR2_1_N001,ALL,1,29.71512,2,7
2024-03-13T11:15:00-00:00,2024-03-13T11:30:00-00:00,2024-03-13,05,BAYSHOR2_1_N001,BAYSHOR2_1_N001,BAYSHOR2_1_N001,HASP,MCE,LMP_ENE_PRC,BAYSHOR2_1_N001,ALL,1,30.27415,2,7
2024-03-13T12:15:00-00:00,2024-03-13T12:30:00-00:00,2024-03-13,06,BAYSHOR2_1_N001,BAYSHOR2_1_N001,BAYSHOR2_1_N001,HASP,MCE,LMP_ENE_PRC,BAYSHOR2_1_N001,ALL,1,33.99717,2,7
2024-03-13T13:15:00-00:00,2024-03-13T13:30:00-00:00,2024-03-13,07,BAYSHOR2_1_N001,BAYSHOR2_1_N001,BAYSHOR2_1_N001,HASP,MCE,LMP_ENE_PRC,BAYSHOR2_1_N001,ALL,1,48.85272,2,7
2024-03-13T14:15:00-00:00,2024-03-13T14:30:00-00:00,2024-03-13,08,BAYSHOR2_1_N001,BAYSHOR2_1_N001,BAYSHOR2_1_N001,HASP,MCE,LMP_ENE_PRC,BAYSHOR2_1_N001,ALL,1,58.3567,2,7
2024-03-13T15:15:00-00:00,2024-03-13T15:30:00-00:00,2024-03-13,09,BAYSHOR2_1_N001,BAYSHOR2_1_N001,BAYSHOR2_1_N001,HASP,MCE,LMP_ENE_PRC,BAYSHOR2_1_N001,ALL,1,44.75661,2,7
2024-03-13T16:15:00-00:00,2024-03-13T16:30:00-00:00,2024-03-13,10,BAYSHOR2_1_N001,BAYSHOR2_1_N001,BAYSHOR2_1_N001,HASP,MCE,LMP_ENE_PRC,BAYSHOR2_1_N001,ALL,1,19.72295,2,7
2024-03-13T17:15:00-00:00,2024-03-13T17:30:00-00:00,2024-03-13,11,BAYSHOR2_1_N001,BAYSHOR2_1_N001,BAYSHOR2_1_N001,HASP,MCE,LMP_ENE_PRC,BAYSHOR2_1_N001,ALL,1,13.61001,2,7
2024-03-13T18:15:00-00:00,2024-03-13T18:30:00-00:00,2024-03-13,12,BAYSHOR2_1_N001,BAYSHOR2_1_N001,BAYSHOR2_1_N001,HASP,MCE,LMP_ENE_PRC,BAYSHOR2_1_N001,ALL,1,5.13053,2,7
2024-03-13T19:15:00-00:00,2024-03-13T19:30:00-00:00,2024-03-13,13,BAYSHOR2_1_N001,BAYSHOR2_1_N001,BAYSHOR2_1_N001,HASP,MCE,LMP_ENE_PRC,BAYSHOR2_1_N001,ALL,1,4.57299,2,7
2024-03-13T20:15:00-00:00,2024-03-13T20:30:00-00:00,2024-03-13,14,BAYSHOR2_1_N001,BAYSHOR2_1_N001,BAYSHOR2_1_N001,HASP,MCE,LMP_ENE_PRC,BAYSHOR2_1_N001,ALL,1,1.032,2,7
2024-03-13T07:30:00-00:00,2024-03-13T07:45:00-00:00,2024-03-13,01,BAYSHOR2_1_N001,BAYSHOR2_1_N001,BAYSHOR2_1_N001,HASP,MCE,LMP_ENE_PRC,BAYSHOR2_1_N001,ALL,1,30.67189,3,7
2024-03-13T08:30:00-00:00,2024-03-13T08:45:00-00:00,2024-03-13,02,BAYSHOR2_1_N001,BAYSHOR2_1_N001,BAYSHOR2_1_N001,HASP,MCE,LMP_ENE_PRC,BAYSHOR2_1_N001,ALL,1,30.86333,3,7
2024-03-13T09:30:00-00:00,2024-03-13T09:45:00-00:00,2024-03-13,03,BAYSHOR2_1_N001,BAYSHOR2_1_N001,BAYSHOR2_1_N001,HASP,MCE,LMP_ENE_PRC,BAYSHOR2_1_N001,ALL,1,30.44466,3,7
2024-03-13T10:30:00-00:00,2024-03-13T10:45:00-00:00,2024-03-13,04,BAYSHOR2_1_N001,BAYSHOR2_1_N001,BAYSHOR2_1_N001,HASP,MCE,LMP_ENE_PRC,BAYSHOR2_1_N001,ALL,1,30.04077,3,7
2024-03-13T11:30:00-00:00,2024-03-13T11:45:00-00:00,2024-03-13,05,BAYSHOR2_1_N001,BAYSHOR2_1_N001,BAYSHOR2_1_N001,HASP,MCE,LMP_ENE_PRC,BAYSHOR2_1_N001,ALL,1,32.59251,3,7
2024-03-13T12:30:00-00:00,2024-03-13T12:45:00-00:00,2024-03-13,06,BAYSHOR2_1_N001,BAYSHOR2_1_N001,BAYSHOR2_1_N001,HASP,MCE,LMP_ENE_PRC,BAYSHOR2_1_N001,ALL,1,37.25165,3,7
2024-03-13T13:30:00-00:00,2024-03-13T13:45:00-00:00,2024-03-13,07,BAYSHOR2_1_N001,BAYSHOR2_1_N001,BAYSHOR2_1_N001,HASP,MCE,LMP_ENE_PRC,BAYSHOR2_1_N001,ALL,1,54.91999,3,7
2024-03-13T14:30:00-00:00,2024-03-13T14:45:00-00:00,2024-03-13,08,BAYSHOR2_1_N001,BAYSHOR2_1_N001,BAYSHOR2_1_N001,HASP,MCE,LMP_ENE_PRC,BAYSHOR2_1_N001,ALL,1,55.0012,3,7
2024-03-13T15:30:00-00:00,2024-03-13T15:45:00-00:00,2024-03-13,09,BAYSHOR2_1_N001,BAYSHOR2_1_N001,BAYSHOR2_1_N001,HASP,MCE,LMP_ENE_PRC,BAYSHOR2_1_N001,ALL,1,27.07403,3,7
2024-03-13T16:30:00-00:00,2024-03-13T16:45:00-00:00,2024-03-13,10,BAYSHOR2_1_N001,BAYSHOR2_1_N001,BAYSHOR2_1_N001,HASP,MCE,LMP_ENE_PRC,BAYSHOR2_1_N001,ALL,1,12.61362,3,7
2024-03-13T17:30:00-00:00,2024-03-13T17:45:00-00:00,2024-03-13,11,BAYSHOR2_1_N001,BAYSHOR2_1_N001,BAYSHOR2_1_N001,HASP,MCE,LMP_ENE_PRC,BAYSHOR2_1_N001,ALL,1,8.84653,3,7
2024-03-13T18:30:00-00:00,2024-03-13T18:45:00-00:00,2024-03-13,12,BAYSHOR2_1_N001,BAYSHOR2_1_N001,BAYSHOR2_1_N001,HASP,MCE,LMP_ENE_PRC,BAYSHOR2_1_N001,ALL,1,4.57931,3,7
2024-03-13T19:30:00-00:00,2024-03-13T19:45:00-00:00,2024-03-13,13,BAYSHOR2_1_N001,BAYSHOR2_1_N001,BAYSHOR2_1_N001,HASP,MCE,LMP_ENE_PRC,BAYSHOR2_1_N001,ALL,1,3.42821,3,7
2024-03-13T20:30:00-00:00,2024-03-13T20:45:00-00:00,2024-03-13,14,BAYSHOR2_1_N001,BAYSHOR2_1_N001,BAYSHOR2_1_N001,HASP,MCE,LMP_ENE_PRC,BAYSHOR2_1_N001,ALL,1,-0.46357,3,7
2024-03-13T07:45:00-00:00,2024-03-13T08:00:00-00:00,2024-03-13,01,BAYSHOR2_1_N001,BAYSHOR2_1_N001,BAYSHOR2_1_N001,HASP,MCE,LMP_ENE_PRC,BAYSHOR2_1_N001,ALL,1,29.77898,4,7
2024-03-13T08:45:00-00:00,2024-03-13T09:00:00-00:00,2024-03-13,02,BAYSHOR2_1_N001,BAYSHOR2_1_N001,BAYSHOR2_1_N001,HASP,MCE,LMP_ENE_PRC,BAYSHOR2_1_N001,ALL,1,30.58368,4,7
2024-03-13T09:45:00-00:00,2024-03-13T10:00:00-00:00,2024-03-13,03,BAYSHOR2_1_N001,BAYSHOR2_1_N001,BAYSHOR2_1_N001,HASP,MCE,LMP_ENE_PRC,BAYSHOR2_1_N001,ALL,1,30.39961,4,7
2024-03-13T10:45:00-00:00,2024-03-13T11:00:00-00:00,2024-03-13,04,BAYSHOR2_1_N001,BAYSHOR2_1_N001,BAYSHOR2_1_N001,HASP,MCE,LMP_ENE_PRC,BAYSHOR2_1_N001,ALL,1,30.35169,4,7
2024-03-13T11:45:00-00:00,2024-03-13T12:00:00-00:00,2024-03-13,05,BAYSHOR2_1_N001,BAYSHOR2_1_N001,BAYSHOR2_1_N001,HASP,MCE,LMP_ENE_PRC,BAYSHOR2_1_N001,ALL,1,34.00567,4,7
2024-03-13T12:45:00-00:00,2024-03-13T13:00:00-00:00,2024-03-13,06,BAYSHOR2_1_N001,BAYSHOR2_1_N001,BAYSHOR2_1_N001,HASP,MCE,LMP_ENE_PRC,BAYSHOR2_1_N001,ALL,1,48.50063,4,7
2024-03-13T13:45:00-00:00,2024-03-13T14:00:00-00:00,2024-03-13,07,BAYSHOR2_1_N001,BAYSHOR2_1_N001,BAYSHOR2_1_N001,HASP,MCE,LMP_ENE_PRC,BAYSHOR2_1_N001,ALL,1,57.65931,4,7
2024-03-13T14:45:00-00:00,2024-03-13T15:00:00-00:00,2024-03-13,08,BAYSHOR2_1_N001,BAYSHOR2_1_N001,BAYSHOR2_1_N001,HASP,MCE,LMP_ENE_PRC,BAYSHOR2_1_N001,ALL,1,38.19388,4,7
2024-03-13T15:45:00-00:00,2024-03-13T16:00:00-00:00,2024-03-13,09,BAYSHOR2_1_N001,BAYSHOR2_1_N001,BAYSHOR2_1_N001,HASP,MCE,LMP_ENE_PRC,BAYSHOR2_1_N001,ALL,1,22.65733,4,7
2024-03-13T16:45:00-00:00,2024-03-13T17:00:00-00:00,2024-03-13,10,BAYSHOR2_1_N001,BAYSHOR2_1_N001,BAYSHOR2_1_N001,HASP,MCE,LMP_ENE_PRC,BAYSHOR2_1_N001,ALL,1,10.74175,4,7
2024-03-13T17:45:00-00:00,2024-03-13T18:00:00-00:00,2024-03-13,11,BAYSHOR2_1_N001,BAYSHOR2_1_N001,BAYSHOR2_1_N001,HASP,MCE,LMP_ENE_PRC,BAYSHOR2_1_N001,ALL,1,6.2148,4,7
2024-03-13T18:45:00-00:00,2024-03-13T19:00:00-00:00,2024-03-13,12,BAYSHOR2_1_N001,BAYSHOR2_1_N001,BAYSHOR2_1_N001,HASP,MCE,LMP_ENE_PRC,BAYSHOR2_1_N001,ALL,1,3.73933,4,7
2024-03-13T19:45:00-00:00,2024-03-13T20:00:00-00:00,2024-03-13,13,BAYSHOR2_1_N001,BAYSHOR2_1_N001,BAYSHOR2_1_N001,HASP,MCE,LMP_ENE_PRC,BAYSHOR2_1_N001,ALL,1,3.42821,4,7
2024-03-13T20:45:00-00:00,2024-03-13T21:00:00-00:00,2024-03-13,14,BAYSHOR2_1_N001,BAYSHOR2_1_N001,BAYSHOR2_1_N001,HASP,MCE,LMP_ENE_PRC,BAYSHOR2_1_N001,ALL,1,-0.27104,4,7
2024-03-13T07:00:00-00:00,2024-03-13T07:15:00-00:00,2024-03-13,01,BAYSHOR2_1_N001,BAYSHOR2_1_N001,BAYSHOR2_1_N001,HASP,MCL,LMP_LOSS_PRC,BAYSHOR2_1_N001,ALL,1,0.83585,1,8
2024-03-13T08:00:00-00:00,2024-03-13T08:15:00-00:00,2024-03-13,02,BAYSHOR2_1_N001,BAYSHOR2_1_N001,BAYSHOR2_1_N001,HASP,MCL,LMP_LOSS_PRC,BAYSHOR2_1_N001,ALL,1,0.9792,1,8
2024-03-13T09:00:00-00:00,2024-03-13T09:15:00-00:00,2024-03-13,03,BAYSHOR2_1_N001,BAYSHOR2_1_N001,BAYSHOR2_1_N001,HASP,MCL,LMP_LOSS_PRC,BAYSHOR2_1_N001,ALL,1,1.1581,1,8
2024-03-13T10:00:00-00:00,2024-03-13T10:15:00-00:00,2024-03-13,04,BAYSHOR2_1_N001,BAYSHOR2_1_N001,BAYSHOR2_1_N001,HASP,MCL,LMP_LOSS_PRC,BAYSHOR2_1_N001,ALL,1,1.40066,1,8
2024-03-13T11:00:00-00:00,2024-03-13T11:15:00-00:00,2024-03-13,05,BAYSHOR2_1_N001,BAYSHOR2_1_N001,BAYSHOR2_1_N001,HASP,MCL,LMP_LOSS_PRC,BAYSHOR2_1_N001,ALL,1,1.40551,1,8
2024-03-13T12:00:00-00:00,2024-03-13T12:15:00-00:00,2024-03-13,06,BAYSHOR2_1_N001,BAYSHOR2_1_N001,BAYSHOR2_1_N001,HASP,MCL,LMP_LOSS_PRC,BAYSHOR2_1_N001,ALL,1,1.3286,1,8
2024-03-13T13:00:00-00:00,2024-03-13T13:15:00-00:00,2024-03-13,07,BAYSHOR2_1_N001,BAYSHOR2_1_N001,BAYSHOR2_1_N001,HASP,MCL,LMP_LOSS_PRC,BAYSHOR2_1_N001,ALL,1,1.87362,1,8
2024-03-13T14:00:00-00:00,2024-03-13T14:15:00-00:00,2024-03-13,08,BAYSHOR2_1_N001,BAYSHOR2_1_N001,BAYSHOR2_1_N001,HASP,MCL,LMP_LOSS_PRC,BAYSHOR2_1_N001,ALL,1,4.13496,1,8
2024-03-13T15:00:00-00:00,2024-03-13T15:15:00-00:00,2024-03-13,09,BAYSHOR2_1_N001,BAYSHOR2_1_N001,BAYSHOR2_1_N001,HASP,MCL,LMP_LOSS_PRC,BAYSHOR2_1_N001,ALL,1,0,1,8
2024-03-13T16:00:00-00:00,2024-03-13T16:15:00-00:00,2024-03-13,10,BAYSHOR2_1_N001,BAYSHOR2_1_N001,BAYSHOR2_1_N001,HASP,MCL,LMP_LOSS_PRC,BAYSHOR2_1_N001,ALL,1,0,1,8
2024-03-13T17:00:00-00:00,2024-03-13T17:15:00-00:00,2024-03-13,11,BAYSHOR2_1_N001,BAYSHOR2_1_N001,BAYSHOR2_1_N001,HASP,MCL,LMP_LOSS_PRC,BAYSHOR2_1_N001,ALL,1,0,1,8
2024-03-13T18:00:00-00:00,2024-03-13T18:15:00-00:00,2024-03-13,12,BAYSHOR2_1_N001,BAYSHOR2_1_N001,BAYSHOR2_1_N001,HASP,MCL,LMP_LOSS_PRC,BAYSHOR2_1_N001,ALL,1,0,1,8
2024-03-13T19:00:00-00:00,2024-03-13T19:15:00-00:00,2024-03-13,13,BAYSHOR2_1_N001,BAYSHOR2_1_N001,BAYSHOR2_1_N001,HASP,MCL,LMP_LOSS_PRC,BAYSHOR2_1_N001,ALL,1,0,1,8
2024-03-13T20:00:00-00:00,2024-03-13T20:15:00-00:00,2024-03-13,14,BAYSHOR2_1_N001,BAYSHOR2_1_N001,BAYSHOR2_1_N001,HASP,MCL,LMP_LOSS_PRC,BAYSHOR2_1_N001,ALL,1,0.18926,1,8
2024-03-13T07:15:00-00:00,2024-03-13T07:30:00-00:00,2024-03-13,01,BAYSHOR2_1_N001,BAYSHOR2_1_N001,BAYSHOR2_1_N001,HASP,MCL,LMP_LOSS_PRC,BAYSHOR2_1_N001,ALL,1,0.90563,2,8
2024-03-13T08:15:00-00:00,2024-03-13T08:30:00-00:00,2024-03-13,02,BAYSHOR2_1_N001,BAYSHOR2_1_N001,BAYSHOR2_1_N001,HASP,MCL,LMP_LOSS_PRC,BAYSHOR2_1_N001,ALL,1,0.95688,2,8
2024-03-13T09:15:00-00:00,2024-03-13T09:30:00-00:00,2024-03-13,03,BAYSHOR2_1_N001,BAYSHOR2_1_N001,BAYSHOR2_1_N001,HASP,MCL,LMP_LOSS_PRC,BAYSHOR2_1_N001,ALL,1,1.09927,2,8
2024-03-13T10:15:00-00:00,2024-03-13T10:30:00-00:00,2024-03-13,04,BAYSHOR2_1_N001,BAYSHOR2_1_N001,BAYSHOR2_1_N001,HASP,MCL,LMP_LOSS_PRC,BAYSHOR2_1_N001,ALL,1,1.46496,2,8
2024-03-13T11:15:00-00:00,2024-03-13T11:30:00-00:00,2024-03-13,05,BAYSHOR2_1_N001,BAYSHOR2_1_N001,BAYSHOR2_1_N001,HASP,MCL,LMP_LOSS_PRC,BAYSHOR2_1_N001,ALL,1,1.26546,2,8
2024-03-13T12:15:00-00:00,2024-03-13T12:30:00-00:00,2024-03-13,06,BAYSHOR2_1_N001,BAYSHOR2_1_N001,BAYSHOR2_1_N001,HASP,MCL,LMP_LOSS_PRC,BAYSHOR2_1_N001,ALL,1,1.56047,2,8
2024-03-13T13:15:00-00:00,2024-03-13T13:30:00-00:00,2024-03-13,07,BAYSHOR2_1_N001,BAYSHOR2_1_N001,BAYSHOR2_1_N001,HASP,MCL,LMP_LOSS_PRC,BAYSHOR2_1_N001,ALL,1,2.30096,2,8
2024-03-13T14:15:00-00:00,2024-03-13T14:30:00-00:00,2024-03-13,08,BAYSHOR2_1_N001,BAYSHOR2_1_N001,BAYSHOR2_1_N001,HASP,MCL,LMP_LOSS_PRC,BAYSHOR2_1_N001,ALL,1,0,2,8
2024-03-13T15:15:00-00:00,2024-03-13T15:30:00-00:00,2024-03-13,09,BAYSHOR2_1_N001,BAYSHOR2_1_N001,BAYSHOR2_1_N001,HASP,MCL,LMP_LOSS_PRC,BAYSHOR2_1_N001,ALL,1,0,2,8
2024-03-13T16:15:00-00:00,2024-03-13T16:30:00-00:00,2024-03-13,10,BAYSHOR2_1_N001,BAYSHOR2_1_N001,BAYSHOR2_1_N001,HASP,MCL,LMP_LOSS_PRC,BAYSHOR2_1_N001,ALL,1,0,2,8
2024-03-13T17:15:00-00:00,2024-03-13T17:30:00-00:00,2024-03-13,11,BAYSHOR2_1_N001,BAYSHOR2_1_N001,BAYSHOR2_1_N001,HASP,MCL,LMP_LOSS_PRC,BAYSHOR2_1_N001,ALL,1,0,2,8
2024-03-13T18:15:00-00:00,2024-03-13T18:30:00-00:00,2024-03-13,12,BAYSHOR2_1_N001,BAYSHOR2_1_N001,BAYSHOR2_1_N001,HASP,MCL,LMP_LOSS_PRC,BAYSHOR2_1_N001,ALL,1,0,2,8
2024-03-13T19:15:00-00:00,2024-03-13T19:30:00-00:00,2024-03-13,13,BAYSHOR2_1_N001,BAYSHOR2_1_N001,BAYSHOR2_1_N001,HASP,MCL,LMP_LOSS_PRC,BAYSHOR2_1_N001,ALL,1,0,2,8
2024-03-13T20:15:00-00:00,2024-03-13T20:30:00-00:00,2024-03-13,14,BAYSHOR2_1_N001,BAYSHOR2_1_N001,BAYSHOR2_1_N001,HASP,MCL,LMP_LOSS_PRC,BAYSHOR2_1_N001,ALL,1,0.08194,2,8
2024-03-13T07:30:00-00:00,2024-03-13T07:45:00-00:00,2024-03-13,01,BAYSHOR2_1_N001,BAYSHOR2_1_N001,BAYSHOR2_1_N001,HASP,MCL,LMP_LOSS_PRC,BAYSHOR2_1_N001,ALL,1,1.01524,3,8
2024-03-13T08:30:00-00:00,2024-03-13T08:45:00-00:00,2024-03-13,02,BAYSHOR2_1_N001,BAYSHOR2_1_N001,BAYSHOR2_1_N001,HASP,MCL,LMP_LOSS_PRC,BAYSHOR2_1_N001,ALL,1,1.00923,3,8
2024-03-13T09:30:00-00:00,2024-03-13T09:45:00-00:00,2024-03-13,03,BAYSHOR2_1_N001,BAYSHOR2_1_N001,BAYSHOR2_1_N001,HASP,MCL,LMP_LOSS_PRC,BAYSHOR2_1_N001,ALL,1,1.15994,3,8
2024-03-13T10:30:00-00:00,2024-03-13T10:45:00-00:00,2024-03-13,04,BAYSHOR2_1_N001,BAYSHOR2_1_N001,BAYSHOR2_1_N001,HASP,MCL,LMP_LOSS_PRC,BAYSHOR2_1_N001,ALL,1,1.52006,3,8
2024-03-13T11:30:00-00:00,2024-03-13T11:45:00-00:00,2024-03-13,05,BAYSHOR2_1_N001,BAYSHOR2_1_N001,BAYSHOR2_1_N001,HASP,MCL,LMP_LOSS_PRC,BAYSHOR2_1_N001,ALL,1,1.24829,3,8
2024-03-13T12:30:00-00:00,2024-03-13T12:45:00-00:00,2024-03-13,06,BAYSHOR2_1_N001,BAYSHOR2_1_N001,BAYSHOR2_1_N001,HASP,MCL,LMP_LOSS_PRC,BAYSHOR2_1_N001,ALL,1,2.15315,3,8
2024-03-13T13:30:00-00:00,2024-03-13T13:45:00-00:00,2024-03-13,07,BAYSHOR2_1_N001,BAYSHOR2_1_N001,BAYSHOR2_1_N001,HASP,MCL,LMP_LOSS_PRC,BAYSHOR2_1_N001,ALL,1,2.77895,3,8
2024-03-13T14:30:00-00:00,2024-03-13T14:45:00-00:00,2024-03-13,08,BAYSHOR2_1_N001,BAYSHOR2_1_N001,BAYSHOR2_1_N001,HASP,MCL,LMP_LOSS_PRC,BAYSHOR2_1_N001,ALL,1,0,3,8
2024-03-13T15:30:00-00:00,2024-03-13T15:45:00-00:00,2024-03-13,09,BAYSHOR2_1_N001,BAYSHOR2_1_N001,BAYSHOR2_1_N001,HASP,MCL,LMP_LOSS_PRC,BAYSHOR2_1_N001,ALL,1,0,3,8
2024-03-13T16:30:00-00:00,2024-03-13T16:45:00-00:00,2024-03-13,10,BAYSHOR2_1_N001,BAYSHOR2_1_N001,BAYSHOR2_1_N001,HASP,MCL,LMP_LOSS_PRC,BAYSHOR2_1_N001,ALL,1,0,3,8
2024-03-13T17:30:00-00:00,2024-03-13T17:45:00-00:00,2024-03-13,11,BAYSHOR2_1_N001,BAYSHOR2_1_N001,BAYSHOR2_1_N001,HASP,MCL,LMP_LOSS_PRC,BAYSHOR2_1_N001,ALL,1,0,3,8
2024-03-13T18:30:00-00:00,2024-03-13T18:45:00-00:00,2024-03-13,12,BAYSHOR2_1_N001,BAYSHOR2_1_N001,BAYSHOR2_1_N001,HASP,MCL,LMP_LOSS_PRC,BAYSHOR2_1_N001,ALL,1,0,3,8
2024-03-13T19:30:00-00:00,2024-03-13T19:45:00-00:00,2024-03-13,13,BAYSHOR2_1_N001,BAYSHOR2_1_N001,BAYSHOR2_1_N001,HASP,MCL,LMP_LOSS_PRC,BAYSHOR2_1_N001,ALL,1,0,3,8
2024-03-13T20:30:00-00:00,2024-03-13T20:45:00-00:00,2024-03-13,14,BAYSHOR2_1_N001,BAYSHOR2_1_N001,BAYSHOR2_1_N001,HASP,MCL,LMP_LOSS_PRC,BAYSHOR2_1_N001,ALL,1,-0.03639,3,8
2024-03-13T07:45:00-00:00,2024-03-13T08:00:00-00:00,2024-03-13,01,BAYSHOR2_1_N001,BAYSHOR2_1_N001,BAYSHOR2_1_N001,HASP,MCL,LMP_LOSS_PRC,BAYSHOR2_1_N001,ALL,1,1.03333,4,8
2024-03-13T08:45:00-00:00,2024-03-13T09:00:00-00:00,2024-03-13,02,BAYSHOR2_1_N001,BAYSHOR2_1_N001,BAYSHOR2_1_N001,HASP,MCL,LMP_LOSS_PRC,BAYSHOR2_1_N001,ALL,1,1.07655,4,8
2024-03-13T09:45:00-00:00,2024-03-13T10:00:00-00:00,2024-03-13,03,BAYSHOR2_1_N001,BAYSHOR2_1_N001,BAYSHOR2_1_N001,HASP,MCL,LMP_LOSS_PRC,BAYSHOR2_1_N001,ALL,1,1.19774,4,8
2024-03-13T10:45:00-00:00,2024-03-13T11:00:00-00:00,2024-03-13,04,BAYSHOR2_1_N001,BAYSHOR2_1_N001,BAYSHOR2_1_N001,HASP,MCL,LMP_LOSS_PRC,BAYSHOR2_1_N001,ALL,1,1.46599,4,8
2024-03-13T11:45:00-00:00,2024-03-13T12:00:00-00:00,2024-03-13,05,BAYSHOR2_1_N001,BAYSHOR2_1_N001,BAYSHOR2_1_N001,HASP,MCL,LMP_LOSS_PRC,BAYSHOR2_1_N001,ALL,1,1.37043,4,8
2024-03-13T12:45:00-00:00,2024-03-13T13:00:00-00:00,2024-03-13,06,BAYSHOR2_1_N001,BAYSHOR2_1_N001,BAYSHOR2_1_N001,HASP,MCL,LMP_LOSS_PRC,BAYSHOR2_1_N001,ALL,1,2.55598,4,8
2024-03-13T13:45:00-00:00,2024-03-13T14:00:00-00:00,2024-03-13,07,BAYSHOR2_1_N001,BAYSHOR2_1_N001,BAYSHOR2_1_N001,HASP,MCL,LMP_LOSS_PRC,BAYSHOR2_1_N001,ALL,1,3.43073,4,8
2024-03-13T14:45:00-00:00,2024-03-13T15:00:00-00:00,2024-03-13,08,BAYSHOR2_1_N001,BAYSHOR2_1_N001,BAYSHOR2_1_N001,HASP,MCL,LMP_LOSS_PRC,BAYSHOR2_1_N001,ALL,1,0,4,8
2024-03-13T15:45:00-00:00,2024-03-13T16:00:00-00:00,2024-03-13,09,BAYSHOR2_1_N001,BAYSHOR2_1_N001,BAYSHOR2_1_N001,HASP,MCL,LMP_LOSS_PRC,BAYSHOR2_1_N001,ALL,1,0,4,8
2024-03-13T16:45:00-00:00,2024-03-13T17:00:00-00:00,2024-03-13,10,BAYSHOR2_1_N001,BAYSHOR2_1_N001,BAYSHOR2_1_N001,HASP,MCL,LMP_LOSS_PRC,BAYSHOR2_1_N001,ALL,1,0,4,8
2024-03-13T17:45:00-00:00,2024-03-13T18:00:00-00:00,2024-03-13,11,BAYSHOR2_1_N001,BAYSHOR2_1_N001,BAYSHOR2_1_N001,HASP,MCL,LMP_LOSS_PRC,BAYSHOR2_1_N001,ALL,1,0,4,8
2024-03-13T18:45:00-00:00,2024-03-13T19:00:00-00:00,2024-03-13,12,BAYSHOR2_1_N001,BAYSHOR2_1_N001,BAYSHOR2_1_N001,HASP,MCL,LMP_LOSS_PRC,BAYSHOR2_1_N001,ALL,1,0,4,8
2024-03-13T19:45:00-00:00,2024-03-13T20:00:00-00:00,2024-03-13,13,BAYSHOR2_1_N001,BAYSHOR2_1_N001,BAYSHOR2_1_N001,HASP,MCL,LMP_LOSS_PRC,BAYSHOR2_1_N001,ALL,1,0,4,8
2024-03-13T20:45:00-00:00,2024-03-13T21:00:00-00:00,2024-03-13,14,BAYSHOR2_1_N001,BAYSHOR2_1_N001,BAYSHOR2_1_N001,HASP,MCL,LMP_LOSS_PRC,BAYSHOR2_1_N001,ALL,1,-0.0212,4,8
