INTERVALSTARTTIME_GMT,INTERVALENDTIME_GMT,OPR_DT,OPR_HR,OPR_INTERVAL,NODE_ID_XML,NODE_ID,NODE,MARKET_RUN_ID,LMP_TYPE,XML_DATA_ITEM,PNODE_RESMRID,GRP_TYPE,POS,MW,GROUP
2024-04-18T06:00:00-00:00,2024-04-18T07:00:00-00:00,2024-04-17,24,0,CATALYST_7_N002,CATALYST_7_N002,CATALYST_7_N002,DAM,LMP,LMP_PRC,CATALYST_7_N002,ALL,1,34.79271,1
2024-04-18T01:00:00-00:00,2024-04-18T02:00:00-00:00,2024-04-17,19,0,CATALYST_7_N002,CATALYST_7_N002,CATALYST_7_N002,DAM,LMP,LMP_PRC,CATALYST_7_N002,ALL,1,48.78178,1
2024-04-18T00:00:00-00:00,2024-04-18T01:00:00-00:00,2024-04-17,18,0,CATALYST_7_N002,CATALYST_7_N002,CATALYST_7_N002,DAM,LMP,LMP_PRC,CATALYST_7_N002,ALL,1,41.53053,1
2024-04-18T02:00:00-00:00,2024-04-18T03:00:00-00:00,2024-04-17,20,0,CATALYST_7_N002,CATALYST_7_N002,CATALYST_7_N002,DAM,LMP,LMP_PRC,CATALYST_7_N002,ALL,1,52.96819,1
2024-04-17T23:00:00-00:00,2024-04-18T00:00:00-00:00,2024-04-17,17,0,CATALYST_7_N002,CATALYST_7_N002,CATALYST_7_N002,DAM,LMP,LMP_PRC,CATALYST_7_N002,ALL,1,15.41207,1
2024-04-18T04:00:00-00:00,2024-04-18T05:00:00-00:00,2024-04-17,22,0,CATALYST_7_N002,CATALYST_7_N002,CATALYST_7_N002,DAM,LMP,LMP_PRC,CATALYST_7_N002,ALL,1,44.19096,1
2024-04-18T03:00:00-00:00,2024-04-18T04:00:00-00:00,2024-04-17,21,0,CATALYST_7_N002,CATALYST_7_N002,CATALYST_7_N002,DAM,LMP,LMP_PRC,CATALYST_7_N002,ALL,1,47.91978,1
2024-04-18T05:00:00-00:00,2024-04-18T06:00:00-00:00,2024-04-17,23,0,CATALYST_7_N002,CATALYST_7_N002,CATALYST_7_N002,DAM,LMP,LMP_PRC,CATALYST_7_N002,ALL,1,37.51164,1
2024-04-18T06:00:00-00:00,2024-04-18T07:00:00-00:00,2024-04-17,24,0,CATALYST_7_N002,CATALYST_7_N002,CATALYST_7_N002,DAM,MCC,LMP_CONG_PRC,CATALYST_7_N002,ALL,1,-3.11265,2
2024-04-17T23:00:00-00:00,2024-04-18T00:00:00-00:00,2024-04-17,17,0,CATALYST_7_N002,CATALYST_7_N002,CATALYST_7_N002,DAM,MCC,LMP_CONG_PRC,CATALYST_7_N002,ALL,1,19.76885,2
2024-04-18T04:00:00-00:00,2024-04-18T05:00:00-00:00,2024-04-17,22,0,CATALYST_7_N002,CATALYST_7_N002,CATALYST_7_N002,DAM,MCC,LMP_CONG_PRC,CATALYST_7_N002,ALL,1,-5.78486,2
2024-04-18T05:00:00-00:00,2024-04-18T06:00:00-00:00,2024-04-17,23,0,CATALYST_7_N002,CATALYST_7_N002,CATALYST_7_N002,DAM,MCC,LMP_CONG_PRC,CATALYST_7_N002,ALL,1,-8.29268,2
2024-04-18T02:00:00-00:00,2024-04-18T03:00:00-00:00,2024-04-17,20,0,CATALYST_7_N002,CATALYST_7_N002,CATALYST_7_N002,DAM,MCC,LMP_CONG_PRC,CATALYST_7_N002,ALL,1,-4.9609,2
2024-04-18T01:00:00-00:00,2024-04-18T02:00:00-00:00,2024-04-17,19,0,CATALYST_7_N002,CATALYST_7_N002,CATALYST_7_N002,DAM,MCC,LMP_CONG_PRC,CATALYST_7_N002,ALL,1,-1.92772,2
2024-04-18T00:00:00-00:00,2024-04-18T01:00:00-00:00,2024-04-17,18,0,CATALYST_7_N002,CATALYST_7_N002,CATALYST_7_N002,DAM,MCC,LMP_CONG_PRC,CATALYST_7_N002,ALL,1,19.58621,2
2024-04-18T03:00:00-00:00,2024-04-18T04:00:00-00:00,2024-04-17,21,0,CATALYST_7_N002,CATALYST_7_N002,CATALYST_7_N002,DAM,MCC,LMP_CONG_PRC,CATALYST_7_N002,ALL,1,-6.10671,2
2024-04-18T03:00:00-00:00,2024-04-18T04:00:00-00:00,2024-04-17,21,0,CATALYST_7_N002,CATALYST_7_N002,CATALYST_7_N002,DAM,MCE,LMP_ENE_PRC,CATALYST_7_N002,ALL,1,51.69504,3
2024-04-18T06:00:00-00:00,2024-04-18T07:00:00-00:00,2024-04-17,24,0,CATALYST_7_N002,CATALYST_7_N002,CATALYST_7_N002,DAM,MCE,LMP_ENE_PRC,CATALYST_7_N002,ALL,1,36.50714,3
2024-04-17T23:00:00-00:00,2024-04-18T00:00:00-00:00,2024-04-17,17,0,CATALYST_7_N002,CATALYST_7_N002,CATALYST_7_N002,DAM,MCE,LMP_ENE_PRC,CATALYST_7_N002,ALL,1,-4.12926,3
2024-04-18T00:00:00-00:00,2024-04-18T01:00:00-00:00,2024-04-17,18,0,CATALYST_7_N002,CATALYST_7_N002,CATALYST_7_N002,DAM,MCE,LMP_ENE_PRC,CATALYST_7_N002,ALL,1,20.73545,3
2024-04-18T02:00:00-00:00,2024-04-18T03:00:00-00:00,2024-04-17,20,0,CATALYST_7_N002,CATALYST_7_N002,CATALYST_7_N002,DAM,MCE,LMP_ENE_PRC,CATALYST_7_N002,ALL,1,55.7815,3
2024-04-18T01:00:00-00:00,2024-04-18T02:00:00-00:00,2024-04-17,19,0,CATALYST_7_N002,CATALYST_7_N002,CATALYST_7_N002,DAM,MCE,LMP_ENE_PRC,CATALYST_7_N002,ALL,1,48.29477,3
2024-04-18T04:00:00-00:00,2024-04-18T05:00:00-00:00,2024-04-17,22,0,CATALYST_7_N002,CATALYST_7_N002,CATALYST_7_N002,DAM,MCE,LMP_ENE_PRC,CATALYST_7_N002,ALL,1,48.25784,3
2024-04-18T05:00:00-00:00,2024-04-18T06:00:00-00:00,2024-04-17,23,0,CATALYST_7_N002,CATALYST_7_N002,CATALYST_7_N002,DAM,MCE,LMP_ENE_PRC,CATALYST_7_N002,ALL,1,44.15725,3
2024-04-18T06:00:00-00:00,2024-04-18T07:00:00-00:00,2024-04-17,24,0,CATALYST_7_N002,CATALYST_7_N002,CATALYST_7_N002,DAM,MCL,LMP_LOSS_PRC,CATALYST_7_N002,ALL,1,1.39822,4
2024-04-18T02:00:00-00:00,2024-04-18T03:00:00-00:00,2024-04-17,20,0,CATALYST_7_N002,CATALYST_7_N002,CATALYST_7_N002,DAM,MCL,LMP_LOSS_PRC,CATALYST_7_N002,ALL,1,2.14759,4
2024-04-18T00:00:00-00:00,2024-04-18T01:00:00-00:00,2024-04-17,18,0,CATALYST_7_N002,CATALYST_7_N002,CATALYST_7_N002,DAM,MCL,LMP_LOSS_PRC,CATALYST_7_N002,ALL,1,1.20888,4
2024-04-18T05:00:00-00:00,2024-04-18T06:00:00-00:00,2024-04-17,23,0,CATALYST_7_N002,CATALYST_7_N002,CATALYST_7_N002,DAM,MCL,LMP_LOSS_PRC,CATALYST_7_N002,ALL,1,1.64707,4
2024-04-17T23:00:00-00:00,2024-04-18T00:00:00-00:00,2024-04-17,17,0,CATALYST_7_N002,CATALYST_7_N002,CATALYST_7_N002,DAM,MCL,LMP_LOSS_PRC,CATALYST_7_N002,ALL,1,-0.22752,4
2024-04-18T03:00:00-00:00,2024-04-18T04:00:00-00:00,2024-04-17,21,0,CATALYST_7_N002,CATALYST_7_N002,CATALYST_7_N002,DAM,MCL,LMP_LOSS_PRC,CATALYST_7_N002,ALL,1,2.33145,4
2024-04-18T04:00:00-00:00,2024-04-18T05:00:00-00:00,2024-04-17,22,0,CATALYST_7_N002,CATALYST_7_N002,CATALYST_7_N002,DAM,MCL,LMP_LOSS_PRC,CATALYST_7_N002,ALL,1,1.71798,4
2024-04-18T01:00:00-00:00,2024-04-18T02:00:00-00:00,2024-04-17,19,0,CATALYST_7_N002,CATALYST_7_N002,CATALYST_7_N002,DAM,MCL,LMP_LOSS_PRC,CATALYST_7_N002,ALL,1,2.41474,4
2024-04-18T00:00:00-00:00,2024-04-18T01:00:00-00:00,2024-04-17,18,0,CATALYST_7_N002,CATALYST_7_N002,CATALYST_7_N002,DAM,MGHG,LMP_GHG_PRC,CATALYST_7_N002,ALL,1,0,5
2024-04-17T23:00:00-00:00,2024-04-18T00:00:00-00:00,2024-04-17,17,0,CATALYST_7_N002,CATALYST_7_N002,CATALYST_7_N002,DAM,MGHG,LMP_GHG_PRC,CATALYST_7_N002,ALL,1,0,5
2024-04-18T04:00:00-00:00,2024-04-18T05:00:00-00:00,2024-04-17,22,0,CATALYST_7_N002,CATALYST_7_N002,CATALYST_7_N002,DAM,MGHG,LMP_GHG_PRC,CATALYST_7_N002,ALL,1,0,5
2024-04-18T03:00:00-00:00,2024-04-18T04:00:00-00:00,2024-04-17,21,0,CATALYST_7_N002,CATALYST_7_N002,CATALYST_7_N002,DAM,MGHG,LMP_GHG_PRC,CATALYST_7_N002,ALL,1,0,5
2024-04-18T02:00:00-00:00,2024-04-18T03:00:00-00:00,2024-04-17,20,0,CATALYST_7_N002,CATALYST_7_N002,CATALYST_7_N002,DAM,MGHG,LMP_GHG_PRC,CATALYST_7_N002,ALL,1,0,5
2024-04-18T06:00:00-00:00,2024-04-18T07:00:00-00:00,2024-04-17,24,0,CATALYST_7_N002,CATALYST_7_N002,CATALYST_7_N002,DAM,MGHG,LMP_GHG_PRC,CATALYST_7_N002,ALL,1,0,5
2024-04-18T05:00:00-00:00,2024-04-18T06:00:00-00:00,2024-04-17,23,0,CATALYST_7_N002,CATALYST_7_N002,CATALYST_7_N002,DAM,MGHG,LMP_GHG_PRC,CATALYST_7_N002,ALL,1,0,5
2024-04-18T01:00:00-00:00,2024-04-18T02:00:00-00:00,2024-04-17,19,0,CATALYST_7_N002,CATALYST_7_N002,CATALYST_7_N002,DAM,MGHG,LMP_GHG_PRC,CATALYST_7_N002,ALL,1,0,5
2024-04-17T23:00:00-00:00,2024-04-18T00:00:00-00:00,2024-04-17,17,0,STATIN-L_7_N001,STATIN-L_7_N001,STATIN-L_7_N001,DAM,LMP,LMP_PRC,STATIN-L_7_N001,ALL,1,9.78325,6
2024-04-18T02:00:00-00:00,2024-04-18T03:00:00-00:00,2024-04-17,20,0,STATIN-L_7_N001,STATIN-L_7_N001,STATIN-L_7_N001,DAM,LMP,LMP_PRC,STATIN-L_7_N001,ALL,1,52.21529,6
2024-04-18T05:00:00-00:00,2024-04-18T06:00:00-00:00,2024-04-17,23,0,STATIN-L_7_N001,STATIN-L_7_N001,STATIN-L_7_N001,DAM,LMP,LMP_PRC,STATIN-L_7_N001,ALL,1,37.84203,6
2024-04-18T03:00:00-00:00,2024-04-18T04:00:00-00:00,2024-04-17,21,0,STATIN-L_7_N001,STATIN-L_7_N001,STATIN-L_7_N001,DAM,LMP,LMP_PRC,STATIN-L_7_N001,ALL,1,50.66874,6
2024-04-18T04:00:00-00:00,2024-04-18T05:00:00-00:00,2024-04-17,22,0,STATIN-L_7_N001,STATIN-L_7_N001,STATIN-L_7_N001,DAM,LMP,LMP_PRC,STATIN-L_7_N001,ALL,1,44.66632,6
2024-04-18T01:00:00-00:00,2024-04-18T02:00:00-00:00,2024-04-17,19,0,STATIN-L_7_N001,STATIN-L_7_N001,STATIN-L_7_N001,DAM,LMP,LMP_PRC,STATIN-L_7_N001,ALL,1,47.09787,6
2024-04-18T00:00:00-00:00,2024-04-18T01:00:00-00:00,2024-04-17,18,0,STATIN-L_7_N001,STATIN-L_7_N001,STATIN-L_7_N001,DAM,LMP,LMP_PRC,STATIN-L_7_N001,ALL,1,34.78046,6
2024-04-18T06:00:00-00:00,2024-04-18T07:00:00-00:00,2024-04-17,24,0,STATIN-L_7_N001,STATIN-L_7_N001,STATIN-L_7_N001,DAM,LMP,LMP_PRC,STATIN-L_7_N001,ALL,1,34.84747,6
2024-04-18T04:00:00-00:00,2024-04-18T05:00:00-00:00,2024-04-17,22,0,STATIN-L_7_N001,STATIN-L_7_N001,STATIN-L_7_N001,DAM,MCC,LMP_CONG_PRC,STATIN-L_7_N001,ALL,1,-5.67144,7
2024-04-17T23:00:00-00:00,2024-04-18T00:00:00-00:00,2024-04-17,17,0,STATIN-L_7_N001,STATIN-L_7_N001,STATIN-L_7_N001,DAM,MCC,LMP_CONG_PRC,STATIN-L_7_N001,ALL,1,14.20155,7
2024-04-18T03:00:00-00:00,2024-04-18T04:00:00-00:00,2024-04-17,21,0,STATIN-L_7_N001,STATIN-L_7_N001,STATIN-L_7_N001,DAM,MCC,LMP_CONG_PRC,STATIN-L_7_N001,ALL,1,-3.8747,7
2024-04-18T05:00:00-00:00,2024-04-18T06:00:00-00:00,2024-04-17,23,0,STATIN-L_7_N001,STATIN-L_7_N001,STATIN-L_7_N001,DAM,MCC,LMP_CONG_PRC,STATIN-L_7_N001,ALL,1,-8.13008,7
2024-04-18T01:00:00-00:00,2024-04-18T02:00:00-00:00,2024-04-17,19,0,STATIN-L_7_N001,STATIN-L_7_N001,STATIN-L_7_N001,DAM,MCC,LMP_CONG_PRC,STATIN-L_7_N001,ALL,1,-3.46675,7
2024-04-18T06:00:00-00:00,2024-04-18T07:00:00-00:00,2024-04-17,24,0,STATIN-L_7_N001,STATIN-L_7_N001,STATIN-L_7_N001,DAM,MCC,LMP_CONG_PRC,STATIN-L_7_N001,ALL,1,-3.11265,7
2024-04-18T00:00:00-00:00,2024-04-18T01:00:00-00:00,2024-04-17,18,0,STATIN-L_7_N001,STATIN-L_7_N001,STATIN-L_7_N001,DAM,MCC,LMP_CONG_PRC,STATIN-L_7_N001,ALL,1,12.69721,7
2024-04-18T02:00:00-00:00,2024-04-18T03:00:00-00:00,2024-04-17,20,0,STATIN-L_7_N001,STATIN-L_7_N001,STATIN-L_7_N001,DAM,MCC,LMP_CONG_PRC,STATIN-L_7_N001,ALL,1,-6.19351,7
2024-04-18T03:00:00-00:00,2024-04-18T04:00:00-00:00,2024-04-17,21,0,STATIN-L_7_N001,STATIN-L_7_N001,STATIN-L_7_N001,DAM,MCE,LMP_ENE_PRC,STATIN-L_7_N001,ALL,1,51.69504,8
2024-04-18T00:00:00-00:00,2024-04-18T01:00:00-00:00,2024-04-17,18,0,STATIN-L_7_N001,STATIN-L_7_N001,STATIN-L_7_N001,DAM,MCE,LMP_ENE_PRC,STATIN-L_7_N001,ALL,1,20.73545,8
2024-04-18T06:00:00-00:00,2024-04-18T07:00:00-00:00,2024-04-17,24,0,STATIN-L_7_N001,STATIN-L_7_N001,STATIN-L_7_N001,DAM,MCE,LMP_ENE_PRC,STATIN-L_7_N001,ALL,1,36.50714,8
2024-04-18T04:00:00-00:00,2024-04-18T05:00:00-00:00,2024-04-17,22,0,STATIN-L_7_N001,STATIN-L_7_N001,STATIN-L_7_N001,DAM,MCE,LMP_ENE_PRC,STATIN-L_7_N001,ALL,1,48.25784,8
2024-04-17T23:00:00-00:00,2024-04-18T00:00:00-00:00,2024-04-17,17,0,STATIN-L_7_N001,STATIN-L_7_N001,STATIN-L_7_N001,DAM,MCE,LMP_ENE_PRC,STATIN-L_7_N001,ALL,1,-4.12926,8
2024-04-18T01:00:00-00:00,2024-04-18T02:00:00-00:00,2024-04-17,19,0,STATIN-L_7_N001,STATIN-L_7_N001,STATIN-L_7_N001,DAM,MCE,LMP_ENE_PRC,STATIN-L_7_N001,ALL,1,48.29477,8
2024-04-18T02:00:00-00:00,2024-04-18T03:00:00-00:00,2024-04-17,20,0,STATIN-L_7_N001,STATIN-L_7_N001,STATIN-L_7_N001,DAM,MCE,LMP_ENE_PRC,STATIN-L_7_N001,ALL,1,55.7815,8
2024-04-18T05:00:00-00:00,2024-04-18T06:00:00-00:00,2024-04-17,23,0,STATIN-L_7_N001,STATIN-L_7_N001,STATIN-L_7_N001,DAM,MCE,LMP_ENE_PRC,STATIN-L_7_N001,ALL,1,44.15725,8
2024-04-18T06:00:00-00:00,2024-04-18T07:00:00-00:00,2024-04-17,24,0,STATIN-L_7_N001,STATIN-L_7_N001,STATIN-L_7_N001,DAM,MCL,LMP_LOSS_PRC,STATIN-L_7_N001,ALL,1,1.45298,9
2024-04-18T04:00:00-00:00,2024-04-18T05:00:00-00:00,2024-04-17,22,0,STATIN-L_7_N001,STATIN-L_7_N001,STATIN-L_7_N001,DAM,MCL,LMP_LOSS_PRC,STATIN-L_7_N001,ALL,1,2.07991,9
2024-04-18T02:00:00-00:00,2024-04-18T03:00:00-00:00,2024-04-17,20,0,STATIN-L_7_N001,STATIN-L_7_N001,STATIN-L_7_N001,DAM,MCL,LMP_LOSS_PRC,STATIN-L_7_N001,ALL,1,2.62731,9
2024-04-18T03:00:00-00:00,2024-04-18T04:00:00-00:00,2024-04-17,21,0,STATIN-L_7_N001,STATIN-L_7_N001,STATIN-L_7_N001,DAM,MCL,LMP_LOSS_PRC,STATIN-L_7_N001,ALL,1,2.8484,9
2024-04-18T01:00:00-00:00,2024-04-18T02:00:00-00:00,2024-04-17,19,0,STATIN-L_7_N001,STATIN-L_7_N001,STATIN-L_7_N001,DAM,MCL,LMP_LOSS_PRC,STATIN-L_7_N001,ALL,1,2.26985,9
2024-04-17T23:00:00-00:00,2024-04-18T00:00:00-00:00,2024-04-17,17,0,STATIN-L_7_N001,STATIN-L_7_N001,STATIN-L_7_N001,DAM,MCL,LMP_LOSS_PRC,STATIN-L_7_N001,ALL,1,-0.28905,9
2024-04-18T00:00:00-00:00,2024-04-18T01:00:00-00:00,2024-04-17,18,0,STATIN-L_7_N001,STATIN-L_7_N001,STATIN-L_7_N001,DAM,MCL,LMP_LOSS_PRC,STATIN-L_7_N001,ALL,1,1.3478,9
2024-04-18T05:00:00-00:00,2024-04-18T06:00:00-00:00,2024-04-17,23,0,STATIN-L_7_N001,STATIN-L_7_N001,STATIN-L_7_N001,DAM,MCL,LMP_LOSS_PRC,STATIN-L_7_N001,ALL,1,1.81486,9
2024-04-18T03:00:00-00:00,2024-04-18T04:00:00-00:00,2024-04-17,21,0,STATIN-L_7_N001,STATIN-L_7_N001,STATIN-L_7_N001,DAM,MGHG,LMP_GHG_PRC,STATIN-L_7_N001,ALL,1,0,10
2024-04-18T06:00:00-00:00,2024-04-18T07:00:00-00:00,2024-04-17,24,0,STATIN-L_7_N001,STATIN-L_7_N001,STATIN-L_7_N001,DAM,MGHG,LMP_GHG_PRC,STATIN-L_7_N001,ALL,1,0,10
2024-04-18T02:00:00-00:00,2024-04-18T03:00:00-00:00,2024-04-17,20,0,STATIN-L_7_N001,STATIN-L_7_N001,STATIN-L_7_N001,DAM,MGHG,LMP_GHG_PRC,STATIN-L_7_N001,ALL,1,0,10
2024-04-18T01:00:00-00:00,2024-04-18T02:00:00-00:00,2024-04-17,19,0,STATIN-L_7_N001,STATIN-L_7_N001,STATIN-L_7_N001,DAM,MGHG,LMP_GHG_PRC,STATIN-L_7_N001,ALL,1,0,10
2024-04-18T05:00:00-00:00,2024-04-18T06:00:00-00:00,2024-04-17,23,0,STATIN-L_7_N001,STATIN-L_7_N001,STATIN-L_7_N001,DAM,MGHG,LMP_GHG_PRC,STATIN-L_7_N001,ALL,1,0,10
2024-04-18T00:00:00-00:00,2024-04-18T01:00:00-00:00,2024-04-17,18,0,STATIN-L_7_N001,STATIN-L_7_N001,STATIN-L_7_N001,DAM,MGHG,LMP_GHG_PRC,STATIN-L_7_N001,ALL,1,0,10
2024-04-17T23:00:00-00:00,2024-04-18T00:00:00-00:00,2024-04-17,17,0,STATIN-L_7_N001,STATIN-L_7_N001,STATIN-L_7_N001,DAM,MGHG,LMP_GHG_PRC,STATIN-L_7_N001,ALL,1,0,10
2024-04-18T04:00:00-00:00,2024-04-18T05:00:00-00:00,2024-04-17,22,0,STATIN-L_7_N001,STATIN-L_7_N001,STATIN-L_7_N001,DAM,MGHG,LMP_GHG_PRC,STATIN-L_7_N001,ALL,1,0,10
2024-04-18T11:00:00-00:00,2024-04-18T12:00:00-00:00,2024-04-18,5,0,CATALYST_7_N002,CATALYST_7_N002,CATALYST_7_N002,DAM,LMP,LMP_PRC,CATALYST_7_N002,ALL,1,33.56186,11
2024-04-19T03:00:00-00:00,2024-04-19T04:00:00-00:00,2024-04-18,21,0,CATALYST_7_N002,CATALYST_7_N002,CATALYST_7_N002,DAM,LMP,LMP_PRC,CATALYST_7_N002,ALL,1,45.67461,11
2024-04-18T18:00:00-00:00,2024-04-18T19:00:00-00:00,2024-04-18,12,0,CATALYST_7_N002,CATALYST_7_N002,CATALYST_7_N002,DAM,LMP,LMP_PRC,CATALYST_7_N002,ALL,1,19.36817,11
2024-04-18T07:00:00-00:00,2024-04-18T08:00:00-00:00,2024-04-18,1,0,CATALYST_7_N002,CATALYST_7_N002,CATALYST_7_N002,DAM,LMP,LMP_PRC,CATALYST_7_N002,ALL,1,32.44169,11
2024-04-19T04:00:00-00:00,2024-04-19T05:00:00-00:00,2024-04-18,22,0,CATALYST_7_N002,CATALYST_7_N002,CATALYST_7_N002,DAM,LMP,LMP_PRC,CATALYST_7_N002,ALL,1,41.4327,11
2024-04-18T21:00:00-00:00,2024-04-18T22:00:00-00:00,2024-04-18,15,0,CATALYST_7_N002,CATALYST_7_N002,CATALYST_7_N002,DAM,LMP,LMP_PRC,CATALYST_7_N002,ALL,1,17.14176,11
2024-04-18T19:00:00-00:00,2024-04-18T20:00:00-00:00,2024-04-18,13,0,CATALYST_7_N002,CATALYST_7_N002,CATALYST_7_N002,DAM,LMP,LMP_PRC,CATALYST_7_N002,ALL,1,15.04319,11
2024-04-18T16:00:00-00:00,2024-04-18T17:00:00-00:00,2024-04-18,10,0,CATALYST_7_N002,CATALYST_7_N002,CATALYST_7_N002,DAM,LMP,LMP_PRC,CATALYST_7_N002,ALL,1,39.68521,11
2024-04-18T15:00:00-00:00,2024-04-18T16:00:00-00:00,2024-04-18,9,0,CATALYST_7_N002,CATALYST_7_N002,CATALYST_7_N002,DAM,LMP,LMP_PRC,CATALYST_7_N002,ALL,1,45.87885,11
2024-04-18T10:00:00-00:00,2024-04-18T11:00:00-00:00,2024-04-18,4,0,CATALYST_7_N002,CATALYST_7_N002,CATALYST_7_N002,DAM,LMP,LMP_PRC,CATALYST_7_N002,ALL,1,32.52877,11
2024-04-18T08:00:00-00:00,2024-04-18T09:00:00-00:00,2024-04-18,2,0,CATALYST_7_N002,CATALYST_7_N002,CATALYST_7_N002,DAM,LMP,LMP_PRC,CATALYST_7_N002,ALL,1,32.21394,11
2024-04-18T22:00:00-00:00,2024-04-18T23:00:00-00:00,2024-04-18,16,0,CATALYST_7_N002,CATALYST_7_N002,CATALYST_7_N002,DAM,LMP,LMP_PRC,CATALYST_7_N002,ALL,1,21.01918,11
2024-04-18T17:00:00-00:00,2024-04-18T18:00:00-00:00,2024-04-18,11,0,CATALYST_7_N002,CATALYST_7_N002,CATALYST_7_N002,DAM,LMP,LMP_PRC,CATALYST_7_N002,ALL,1,28.54858,11
2024-04-19T06:00:00-00:00,2024-04-19T07:00:00-00:00,2024-04-18,24,0,CATALYST_7_N002,CATALYST_7_N002,CATALYST_7_N002,DAM,LMP,LMP_PRC,CATALYST_7_N002,ALL,1,32.98272,11
2024-04-18T23:00:00-00:00,2024-04-19T00:00:00-00:00,2024-04-18,17,0,CATALYST_7_N002,CATALYST_7_N002,CATALYST_7_N002,DAM,LMP,LMP_PRC,CATALYST_7_N002,ALL,1,22.98903,11
2024-04-18T13:00:00-00:00,2024-04-18T14:00:00-00:00,2024-04-18,7,0,CATALYST_7_N002,CATALYST_7_N002,CATALYST_7_N002,DAM,LMP,LMP_PRC,CATALYST_7_N002,ALL,1,50.33275,11
2024-04-19T01:00:00-00:00,2024-04-19T02:00:00-00:00,2024-04-18,19,0,CATALYST_7_N002,CATALYST_7_N002,CATALYST_7_N002,DAM,LMP,LMP_PRC,CATALYST_7_N002,ALL,1,49.69118,11
2024-04-19T00:00:00-00:00,2024-04-19T01:00:00-00:00,2024-04-18,18,0,CATALYST_7_N002,CATALYST_7_N002,CATALYST_7_N002,DAM,LMP,LMP_PRC,CATALYST_7_N002,ALL,1,47.07839,11
2024-04-18T20:00:00-00:00,2024-04-18T21:00:00-00:00,2024-04-18,14,0,CATALYST_7_N002,CATALYST_7_N002,CATALYST_7_N002,DAM,LMP,LMP_PRC,CATALYST_7_N002,ALL,1,24.30823,11
2024-04-18T12:00:00-00:00,2024-04-18T13:00:00-00:00,2024-04-18,6,0,CATALYST_7_N002,CATALYST_7_N002,CATALYST_7_N002,DAM,LMP,LMP_PRC,CATALYST_7_N002,ALL,1,43.18051,11
2024-04-18T14:00:00-00:00,2024-04-18T15:00:00-00:00,2024-04-18,8,0,CATALYST_7_N002,CATALYST_7_N002,CATALYST_7_N002,DAM,LMP,LMP_PRC,CATALYST_7_N002,ALL,1,43.17316,11
2024-04-18T09:00:00-00:00,2024-04-18T10:00:00-00:00,2024-04-18,3,0,CATALYST_7_N002,CATALYST_7_N002,CATALYST_7_N002,DAM,LMP,LMP_PRC,CATALYST_7_N002,ALL,1,30.52499,11
2024-04-19T02:00:00-00:00,2024-04-19T03:00:00-00:00,2024-04-18,20,0,CATALYST_7_N002,CATALYST_7_N002,CATALYST_7_N002,DAM,LMP,LMP_PRC,CATALYST_7_N002,ALL,1,53.03554,11
2024-04-19T05:00:00-00:00,2024-04-19T06:00:00-00:00,2024-04-18,23,0,CATALYST_7_N002,CATALYST_7_N002,CATALYST_7_N002,DAM,LMP,LMP_PRC,CATALYST_7_N002,ALL,1,36.14823,11
2024-04-19T05:00:00-00:00,2024-04-19T06:00:00-00:00,2024-04-18,23,0,CATALYST_7_N002,CATALYST_7_N002,CATALYST_7_N002,DAM,MCC,LMP_CONG_PRC,CATALYST_7_N002,ALL,1,-2.01651,12
2024-04-18T08:00:00-00:00,2024-04-18T09:00:00-00:00,2024-04-18,2,0,CATALYST_7_N002,CATALYST_7_N002,CATALYST_7_N002,DAM,MCC,LMP_CONG_PRC,CATALYST_7_N002,ALL,1,0,12
2024-04-18T20:00:00-00:00,2024-04-18T21:00:00-00:00,2024-04-18,14,0,CATALYST_7_N002,CATALYST_7_N002,CATALYST_7_N002,DAM,MCC,LMP_CONG_PRC,CATALYST_7_N002,ALL,1,25.34885,12
2024-04-18T10:00:00-00:00,2024-04-18T11:00:00-00:00,2024-04-18,4,0,CATALYST_7_N002,CATALYST_7_N002,CATALYST_7_N002,DAM,MCC,LMP_CONG_PRC,CATALYST_7_N002,ALL,1,0,12
2024-04-18T07:00:00-00:00,2024-04-18T08:00:00-00:00,2024-04-18,1,0,CATALYST_7_N002,CATALYST_7_N002,CATALYST_7_N002,DAM,MCC,LMP_CONG_PRC,CATALYST_7_N002,ALL,1,0,12
2024-04-19T06:00:00-00:00,2024-04-19T07:00:00-00:00,2024-04-18,24,0,CATALYST_7_N002,CATALYST_7_N002,CATALYST_7_N002,DAM,MCC,LMP_CONG_PRC,CATALYST_7_N002,ALL,1,0,12
2024-04-19T02:00:00-00:00,2024-04-19T03:00:00-00:00,2024-04-18,20,0,CATALYST_7_N002,CATALYST_7_N002,CATALYST_7_N002,DAM,MCC,LMP_CONG_PRC,CATALYST_7_N002,ALL,1,-4.90326,12
2024-04-18T19:00:00-00:00,2024-04-18T20:00:00-00:00,2024-04-18,13,0,CATALYST_7_N002,CATALYST_7_N002,CATALYST_7_N002,DAM,MCC,LMP_CONG_PRC,CATALYST_7_N002,ALL,1,14.45487,12
2024-04-19T00:00:00-00:00,2024-04-19T01:00:00-00:00,2024-04-18,18,0,CATALYST_7_N002,CATALYST_7_N002,CATALYST_7_N002,DAM,MCC,LMP_CONG_PRC,CATALYST_7_N002,ALL,1,20.32699,12
2024-04-19T03:00:00-00:00,2024-04-19T04:00:00-00:00,2024-04-18,21,0,CATALYST_7_N002,CATALYST_7_N002,CATALYST_7_N002,DAM,MCC,LMP_CONG_PRC,CATALYST_7_N002,ALL,1,-3.32374,12
2024-04-18T21:00:00-00:00,2024-04-18T22:00:00-00:00,2024-04-18,15,0,CATALYST_7_N002,CATALYST_7_N002,CATALYST_7_N002,DAM,MCC,LMP_CONG_PRC,CATALYST_7_N002,ALL,1,17.44374,12
2024-04-18T23:00:00-00:00,2024-04-19T00:00:00-00:00,2024-04-18,17,0,CATALYST_7_N002,CATALYST_7_N002,CATALYST_7_N002,DAM,MCC,LMP_CONG_PRC,CATALYST_7_N002,ALL,1,16.43677,12
2024-04-19T04:00:00-00:00,2024-04-19T05:00:00-00:00,2024-04-18,22,0,CATALYST_7_N002,CATALYST_7_N002,CATALYST_7_N002,DAM,MCC,LMP_CONG_PRC,CATALYST_7_N002,ALL,1,-3.89763,12
2024-04-18T14:00:00-00:00,2024-04-18T15:00:00-00:00,2024-04-18,8,0,CATALYST_7_N002,CATALYST_7_N002,CATALYST_7_N002,DAM,MCC,LMP_CONG_PRC,CATALYST_7_N002,ALL,1,3.1861,12
2024-04-18T09:00:00-00:00,2024-04-18T10:00:00-00:00,2024-04-18,3,0,CATALYST_7_N002,CATALYST_7_N002,CATALYST_7_N002,DAM,MCC,LMP_CONG_PRC,CATALYST_7_N002,ALL,1,0,12
2024-04-18T11:00:00-00:00,2024-04-18T12:00:00-00:00,2024-04-18,5,0,CATALYST_7_N002,CATALYST_7_N002,CATALYST_7_N002,DAM,MCC,LMP_CONG_PRC,CATALYST_7_N002,ALL,1,0,12
2024-04-18T15:00:00-00:00,2024-04-18T16:00:00-00:00,2024-04-18,9,0,CATALYST_7_N002,CATALYST_7_N002,CATALYST_7_N002,DAM,MCC,LMP_CONG_PRC,CATALYST_7_N002,ALL,1,16.02892,12
2024-04-18T22:00:00-00:00,2024-04-18T23:00:00-00:00,2024-04-18,16,0,CATALYST_7_N002,CATALYST_7_N002,CATALYST_7_N002,DAM,MCC,LMP_CONG_PRC,CATALYST_7_N002,ALL,1,15.16387,12
2024-04-18T18:00:00-00:00,2024-04-18T19:00:00-00:00,2024-04-18,12,0,CATALYST_7_N002,CATALYST_7_N002,CATALYST_7_N002,DAM,MCC,LMP_CONG_PRC,CATALYST_7_N002,ALL,1,15.73028,12
2024-04-18T17:00:00-00:00,2024-04-18T18:00:00-00:00,2024-04-18,11,0,CATALYST_7_N002,CATALYST_7_N002,CATALYST_7_N002,DAM,MCC,LMP_CONG_PRC,CATALYST_7_N002,ALL,1,21.05415,12
2024-04-18T16:00:00-00:00,2024-04-18T17:00:00-00:00,2024-04-18,10,0,CATALYST_7_N002,CATALYST_7_N002,CATALYST_7_N002,DAM,MCC,LMP_CONG_PRC,CATALYST_7_N002,ALL,1,25.05008,12
2024-04-18T12:00:00-00:00,2024-04-18T13:00:00-00:00,2024-04-18,6,0,CATALYST_7_N002,CATALYST_7_N002,CATALYST_7_N002,DAM,MCC,LMP_CONG_PRC,CATALYST_7_N002,ALL,1,0,12
2024-04-19T01:00:00-00:00,2024-04-19T02:00:00-00:00,2024-04-18,19,0,CATALYST_7_N002,CATALYST_7_N002,CATALYST_7_N002,DAM,MCC,LMP_CONG_PRC,CATALYST_7_N002,ALL,1,0.32256,12
2024-04-18T13:00:00-00:00,2024-04-18T14:00:00-00:00,2024-04-18,7,0,CATALYST_7_N002,CATALYST_7_N002,CATALYST_7_N002,DAM,MCC,LMP_CONG_PRC,CATALYST_7_N002,ALL,1,0,12
2024-04-18T10:00:00-00:00,2024-04-18T11:00:00-00:00,2024-04-18,4,0,CATALYST_7_N002,CATALYST_7_N002,CATALYST_7_N002,DAM,MCE,LMP_ENE_PRC,CATALYST_7_N002,ALL,1,31.71064,13
2024-04-18T12:00:00-00:00,2024-04-18T13:00:00-00:00,2024-04-18,6,0,CATALYST_7_N002,CATALYST_7_N002,CATALYST_7_N002,DAM,MCE,LMP_ENE_PRC,CATALYST_7_N002,ALL,1,42.26753,13
2024-04-18T14:00:00-00:00,2024-04-18T15:00:00-00:00,2024-04-18,8,0,CATALYST_7_N002,CATALYST_7_N002,CATALYST_7_N002,DAM,MCE,LMP_ENE_PRC,CATALYST_7_N002,ALL,1,38.475,13
2024-04-18T16:00:00-00:00,2024-04-18T17:00:00-00:00,2024-04-18,10,0,CATALYST_7_N002,CATALYST_7_N002,CATALYST_7_N002,DAM,MCE,LMP_ENE_PRC,CATALYST_7_N002,ALL,1,14.05738,13
2024-04-18T18:00:00-00:00,2024-04-18T19:00:00-00:00,2024-04-18,12,0,CATALYST_7_N002,CATALYST_7_N002,CATALYST_7_N002,DAM,MCE,LMP_ENE_PRC,CATALYST_7_N002,ALL,1,3.48892,13
2024-04-18T07:00:00-00:00,2024-04-18T08:00:00-00:00,2024-04-18,1,0,CATALYST_7_N002,CATALYST_7_N002,CATALYST_7_N002,DAM,MCE,LMP_ENE_PRC,CATALYST_7_N002,ALL,1,31.80246,13
2024-04-18T19:00:00-00:00,2024-04-18T20:00:00-00:00,2024-04-18,13,0,CATALYST_7_N002,CATALYST_7_N002,CATALYST_7_N002,DAM,MCE,LMP_ENE_PRC,CATALYST_7_N002,ALL,1,0.56477,13
2024-04-19T03:00:00-00:00,2024-04-19T04:00:00-00:00,2024-04-18,21,0,CATALYST_7_N002,CATALYST_7_N002,CATALYST_7_N002,DAM,MCE,LMP_ENE_PRC,CATALYST_7_N002,ALL,1,47.80326,13
2024-04-18T13:00:00-00:00,2024-04-18T14:00:00-00:00,2024-04-18,7,0,CATALYST_7_N002,CATALYST_7_N002,CATALYST_7_N002,DAM,MCE,LMP_ENE_PRC,CATALYST_7_N002,ALL,1,49.29267,13
2024-04-18T20:00:00-00:00,2024-04-18T21:00:00-00:00,2024-04-18,14,0,CATALYST_7_N002,CATALYST_7_N002,CATALYST_7_N002,DAM,MCE,LMP_ENE_PRC,CATALYST_7_N002,ALL,1,-0.99877,13
2024-04-19T02:00:00-00:00,2024-04-19T03:00:00-00:00,2024-04-18,20,0,CATALYST_7_N002,CATALYST_7_N002,CATALYST_7_N002,DAM,MCE,LMP_ENE_PRC,CATALYST_7_N002,ALL,1,56.58086,13
2024-04-18T11:00:00-00:00,2024-04-18T12:00:00-00:00,2024-04-18,5,0,CATALYST_7_N002,CATALYST_7_N002,CATALYST_7_N002,DAM,MCE,LMP_ENE_PRC,CATALYST_7_N002,ALL,1,32.88122,13
2024-04-18T15:00:00-00:00,2024-04-18T16:00:00-00:00,2024-04-18,9,0,CATALYST_7_N002,CATALYST_7_N002,CATALYST_7_N002,DAM,MCE,LMP_ENE_PRC,CATALYST_7_N002,ALL,1,28.75439,13
2024-04-18T22:00:00-00:00,2024-04-18T23:00:00-00:00,2024-04-18,16,0,CATALYST_7_N002,CATALYST_7_N002,CATALYST_7_N002,DAM,MCE,LMP_ENE_PRC,CATALYST_7_N002,ALL,1,5.63444,13
2024-04-18T23:00:00-00:00,2024-04-19T00:00:00-00:00,2024-04-18,17,0,CATALYST_7_N002,CATALYST_7_N002,CATALYST_7_N002,DAM,MCE,LMP_ENE_PRC,CATALYST_7_N002,ALL,1,6.25156,13
2024-04-19T00:00:00-00:00,2024-04-19T01:00:00-00:00,2024-04-18,18,0,CATALYST_7_N002,CATALYST_7_N002,CATALYST_7_N002,DAM,MCE,LMP_ENE_PRC,CATALYST_7_N002,ALL,1,25.2229,13
2024-04-19T01:00:00-00:00,2024-04-19T02:00:00-00:00,2024-04-18,19,0,CATALYST_7_N002,CATALYST_7_N002,CATALYST_7_N002,DAM,MCE,LMP_ENE_PRC,CATALYST_7_N002,ALL,1,47.30155,13
2024-04-19T05:00:00-00:00,2024-04-19T06:00:00-00:00,2024-04-18,23,0,CATALYST_7_N002,CATALYST_7_N002,CATALYST_7_N002,DAM,MCE,LMP_ENE_PRC,CATALYST_7_N002,ALL,1,37.15053,13
2024-04-18T09:00:00-00:00,2024-04-18T10:00:00-00:00,2024-04-18,3,0,CATALYST_7_N002,CATALYST_7_N002,CATALYST_7_N002,DAM,MCE,LMP_ENE_PRC,CATALYST_7_N002,ALL,1,30.52499,13
2024-04-18T08:00:00-00:00,2024-04-18T09:00:00-00:00,2024-04-18,2,0,CATALYST_7_N002,CATALYST_7_N002,CATALYST_7_N002,DAM,MCE,LMP_ENE_PRC,CATALYST_7_N002,ALL,1,31.44971,13
2024-04-19T04:00:00-00:00,2024-04-19T05:00:00-00:00,2024-04-18,22,0,CATALYST_7_N002,CATALYST_7_N002,CATALYST_7_N002,DAM,MCE,LMP_ENE_PRC,CATALYST_7_N002,ALL,1,44.56821,13
2024-04-18T17:00:00-00:00,2024-04-18T18:00:00-00:00,2024-04-18,11,0,CATALYST_7_N002,CATALYST_7_N002,CATALYST_7_N002,DAM,MCE,LMP_ENE_PRC,CATALYST_7_N002,ALL,1,7.18821,13
2024-04-18T21:00:00-00:00,2024-04-18T22:00:00-00:00,2024-04-18,15,0,CATALYST_7_N002,CATALYST_7_N002,CATALYST_7_N002,DAM,MCE,LMP_ENE_PRC,CATALYST_7_N002,ALL,1,-0.29106,13
2024-04-19T06:00:00-00:00,2024-04-19T07:00:00-00:00,2024-04-18,24,0,CATALYST_7_N002,CATALYST_7_N002,CATALYST_7_N002,DAM,MCE,LMP_ENE_PRC,CATALYST_7_N002,ALL,1,32.12811,13
2024-04-18T09:00:00-00:00,2024-04-18T10:00:00-00:00,2024-04-18,3,0,CATALYST_7_N002,CATALYST_7_N002,CATALYST_7_N002,DAM,MCL,LMP_LOSS_PRC,CATALYST_7_N002,ALL,1,0,14
2024-04-18T14:00:00-00:00,2024-04-18T15:00:00-00:00,2024-04-18,8,0,CATALYST_7_N002,CATALYST_7_N002,CATALYST_7_N002,DAM,MCL,LMP_LOSS_PRC,CATALYST_7_N002,ALL,1,1.51207,14
2024-04-18T17:00:00-00:00,2024-04-18T18:00:00-00:00,2024-04-18,11,0,CATALYST_7_N002,CATALYST_7_N002,CATALYST_7_N002,DAM,MCL,LMP_LOSS_PRC,CATALYST_7_N002,ALL,1,0.30622,14
2024-04-18T16:00:00-00:00,2024-04-18T17:00:00-00:00,2024-04-18,10,0,CATALYST_7_N002,CATALYST_7_N002,CATALYST_7_N002,DAM,MCL,LMP_LOSS_PRC,CATALYST_7_N002,ALL,1,0.57776,14
2024-04-18T15:00:00-00:00,2024-04-18T16:00:00-00:00,2024-04-18,9,0,CATALYST_7_N002,CATALYST_7_N002,CATALYST_7_N002,DAM,MCL,LMP_LOSS_PRC,CATALYST_7_N002,ALL,1,1.09554,14
2024-04-19T04:00:00-00:00,2024-04-19T05:00:00-00:00,2024-04-18,22,0,CATALYST_7_N002,CATALYST_7_N002,CATALYST_7_N002,DAM,MCL,LMP_LOSS_PRC,CATALYST_7_N002,ALL,1,0.76212,14
2024-04-18T13:00:00-00:00,2024-04-18T14:00:00-00:00,2024-04-18,7,0,CATALYST_7_N002,CATALYST_7_N002,CATALYST_7_N002,DAM,MCL,LMP_LOSS_PRC,CATALYST_7_N002,ALL,1,1.04008,14
2024-04-18T11:00:00-00:00,2024-04-18T12:00:00-00:00,2024-04-18,5,0,CATALYST_7_N002,CATALYST_7_N002,CATALYST_7_N002,DAM,MCL,LMP_LOSS_PRC,CATALYST_7_N002,ALL,1,0.68064,14
2024-04-18T22:00:00-00:00,2024-04-18T23:00:00-00:00,2024-04-18,16,0,CATALYST_7_N002,CATALYST_7_N002,CATALYST_7_N002,DAM,MCL,LMP_LOSS_PRC,CATALYST_7_N002,ALL,1,0.22087,14
2024-04-19T01:00:00-00:00,2024-04-19T02:00:00-00:00,2024-04-18,19,0,CATALYST_7_N002,CATALYST_7_N002,CATALYST_7_N002,DAM,MCL,LMP_LOSS_PRC,CATALYST_7_N002,ALL,1,2.06708,14
2024-04-18T21:00:00-00:00,2024-04-18T22:00:00-00:00,2024-04-18,15,0,CATALYST_7_N002,CATALYST_7_N002,CATALYST_7_N002,DAM,MCL,LMP_LOSS_PRC,CATALYST_7_N002,ALL,1,-0.01091,14
2024-04-19T00:00:00-00:00,2024-04-19T01:00:00-00:00,2024-04-18,18,0,CATALYST_7_N002,CATALYST_7_N002,CATALYST_7_N002,DAM,MCL,LMP_LOSS_PRC,CATALYST_7_N002,ALL,1,1.52851,14
2024-04-18T19:00:00-00:00,2024-04-18T20:00:00-00:00,2024-04-18,13,0,CATALYST_7_N002,CATALYST_7_N002,CATALYST_7_N002,DAM,MCL,LMP_LOSS_PRC,CATALYST_7_N002,ALL,1,0.02355,14
2024-04-18T18:00:00-00:00,2024-04-18T19:00:00-00:00,2024-04-18,12,0,CATALYST_7_N002,CATALYST_7_N002,CATALYST_7_N002,DAM,MCL,LMP_LOSS_PRC,CATALYST_7_N002,ALL,1,0.14898,14
2024-04-19T06:00:00-00:00,2024-04-19T07:00:00-00:00,2024-04-18,24,0,CATALYST_7_N002,CATALYST_7_N002,CATALYST_7_N002,DAM,MCL,LMP_LOSS_PRC,CATALYST_7_N002,ALL,1,0.85461,14
2024-04-19T05:00:00-00:00,2024-04-19T06:00:00-00:00,2024-04-18,23,0,CATALYST_7_N002,CATALYST_7_N002,CATALYST_7_N002,DAM,MCL,LMP_LOSS_PRC,CATALYST_7_N002,ALL,1,1.01421,14
2024-04-18T07:00:00-00:00,2024-04-18T08:00:00-00:00,2024-04-18,1,0,CATALYST_7_N002,CATALYST_7_N002,CATALYST_7_N002,DAM,MCL,LMP_LOSS_PRC,CATALYST_7_N002,ALL,1,0.63923,14
2024-04-18T23:00:00-00:00,2024-04-19T00:00:00-00:00,2024-04-18,17,0,CATALYST_7_N002,CATALYST_7_N002,CATALYST_7_N002,DAM,MCL,LMP_LOSS_PRC,CATALYST_7_N002,ALL,1,0.3007,14
2024-04-19T02:00:00-00:00,2024-04-19T03:00:00-00:00,2024-04-18,20,0,CATALYST_7_N002,CATALYST_7_N002,CATALYST_7_N002,DAM,MCL,LMP_LOSS_PRC,CATALYST_7_N002,ALL,1,1.35794,14
2024-04-18T20:00:00-00:00,2024-04-18T21:00:00-00:00,2024-04-18,14,0,CATALYST_7_N002,CATALYST_7_N002,CATALYST_7_N002,DAM,MCL,LMP_LOSS_PRC,CATALYST_7_N002,ALL,1,-0.04185,14
2024-04-18T10:00:00-00:00,2024-04-18T11:00:00-00:00,2024-04-18,4,0,CATALYST_7_N002,CATALYST_7_N002,CATALYST_7_N002,DAM,MCL,LMP_LOSS_PRC,CATALYST_7_N002,ALL,1,0.81813,14
2024-04-18T12:00:00-00:00,2024-04-18T13:00:00-00:00,2024-04-18,6,0,CATALYST_7_N002,CATALYST_7_N002,CATALYST_7_N002,DAM,MCL,LMP_LOSS_PRC,CATALYST_7_N002,ALL,1,0.91298,14
2024-04-18T08:00:00-00:00,2024-04-18T09:00:00-00:00,2024-04-18,2,0,CATALYST_7_N002,CATALYST_7_N002,CATALYST_7_N002,DAM,MCL,LMP_LOSS_PRC,CATALYST_7_N002,ALL,1,0.76423,14
2024-04-19T03:00:00-00:00,2024-04-19T04:00:00-00:00,2024-04-18,21,0,CATALYST_7_N002,CATALYST_7_N002,CATALYST_7_N002,DAM,MCL,LMP_LOSS_PRC,CATALYST_7_N002,ALL,1,1.19508,14
2024-04-19T03:00:00-00:00,2024-04-19T04:00:00-00:00,2024-04-18,21,0,CATALYST_7_N002,CATALYST_7_N002,CATALYST_7_N002,DAM,MGHG,LMP_GHG_PRC,CATALYST_7_N002,ALL,1,0,15
2024-04-18T13:00:00-00:00,2024-04-18T14:00:00-00:00,2024-04-18,7,0,CATALYST_7_N002,CATALYST_7_N002,CATALYST_7_N002,DAM,MGHG,LMP_GHG_PRC,CATALYST_7_N002,ALL,1,0,15
2024-04-18T08:00:00-00:00,2024-04-18T09:00:00-00:00,2024-04-18,2,0,CATALYST_7_N002,CATALYST_7_N002,CATALYST_7_N002,DAM,MGHG,LMP_GHG_PRC,CATALYST_7_N002,ALL,1,0,15
2024-04-19T00:00:00-00:00,2024-04-19T01:00:00-00:00,2024-04-18,18,0,CATALYST_7_N002,CATALYST_7_N002,CATALYST_7_N002,DAM,MGHG,LMP_GHG_PRC,CATALYST_7_N002,ALL,1,0,15
2024-04-18T19:00:00-00:00,2024-04-18T20:00:00-00:00,2024-04-18,13,0,CATALYST_7_N002,CATALYST_7_N002,CATALYST_7_N002,DAM,MGHG,LMP_GHG_PRC,CATALYST_7_N002,ALL,1,0,15
2024-04-18T17:00:00-00:00,2024-04-18T18:00:00-00:00,2024-04-18,11,0,CATALYST_7_N002,CATALYST_7_N002,CATALYST_7_N002,DAM,MGHG,LMP_GHG_PRC,CATALYST_7_N002,ALL,1,0,15
2024-04-18T12:00:00-00:00,2024-04-18T13:00:00-00:00,2024-04-18,6,0,CATALYST_7_N002,CATALYST_7_N002,CATALYST_7_N002,DAM,MGHG,LMP_GHG_PRC,CATALYST_7_N002,ALL,1,0,15
2024-04-18T23:00:00-00:00,2024-04-19T00:00:00-00:00,2024-04-18,17,0,CATALYST_7_N002,CATALYST_7_N002,CATALYST_7_N002,DAM,MGHG,LMP_GHG_PRC,CATALYST_7_N002,ALL,1,0,15
2024-04-18T22:00:00-00:00,2024-04-18T23:00:00-00:00,2024-04-18,16,0,CATALYST_7_N002,CATALYST_7_N002,CATALYST_7_N002,DAM,MGHG,LMP_GHG_PRC,CATALYST_7_N002,ALL,1,0,15
2024-04-18T21:00:00-00:00,2024-04-18T22:00:00-00:00,2024-04-18,15,0,CATALYST_7_N002,CATALYST_7_N002,CATALYST_7_N002,DAM,MGHG,LMP_GHG_PRC,CATALYST_7_N002,ALL,1,0,15
2024-04-18T14:00:00-00:00,2024-04-18T15:00:00-00:00,2024-04-18,8,0,CATALYST_7_N002,CATALYST_7_N002,CATALYST_7_N002,DAM,MGHG,LMP_GHG_PRC,CATALYST_7_N002,ALL,1,0,15
2024-04-18T07:00:00-00:00,2024-04-18T08:00:00-00:00,2024-04-18,1,0,CATALYST_7_N002,CATALYST_7_N002,CATALYST_7_N002,DAM,MGHG,LMP_GHG_PRC,CATALYST_7_N002,ALL,1,0,15
2024-04-19T05:00:00-00:00,2024-04-19T06:00:00-00:00,2024-04-18,23,0,CATALYST_7_N002,CATALYST_7_N002,CATALYST_7_N002,DAM,MGHG,LMP_GHG_PRC,CATALYST_7_N002,ALL,1,0,15
2024-04-19T04:00:00-00:00,2024-04-19T05:00:00-00:00,2024-04-18,22,0,CATALYST_7_N002,CATALYST_7_N002,CATALYST_7_N002,DAM,MGHG,LMP_GHG_PRC,CATALYST_7_N002,ALL,1,0,15
2024-04-19T06:00:00-00:00,2024-04-19T07:00:00-00:00,2024-04-18,24,0,CATALYST_7_N002,CATALYST_7_N002,CATALYST_7_N002,DAM,MGHG,LMP_GHG_PRC,CATALYST_7_N002,ALL,1,0,15
2024-04-19T01:00:00-00:00,2024-04-19T02:00:00-00:00,2024-04-18,19,0,CATALYST_7_N002,CATALYST_7_N002,CATALYST_7_N002,DAM,MGHG,LMP_GHG_PRC,CATALYST_7_N002,ALL,1,0,15
2024-04-18T11:00:00-00:00,2024-04-18T12:00:00-00:00,2024-04-18,5,0,CATALYST_7_N002,CATALYST_7_N002,CATALYST_7_N002,DAM,MGHG,LMP_GHG_PRC,CATALYST_7_N002,ALL,1,0,15
2024-04-18T09:00:00-00:00,2024-04-18T10:00:00-00:00,2024-04-18,3,0,CATALYST_7_N002,CATALYST_7_N002,CATALYST_7_N002,DAM,MGHG,LMP_GHG_PRC,CATALYST_7_N002,ALL,1,0,15
2024-04-18T20:00:00-00:00,2024-04-18T21:00:00-00:00,2024-04-18,14,0,CATALYST_7_N002,CATALYST_7_N002,CATALYST_7_N002,DAM,MGHG,LMP_GHG_PRC,CATALYST_7_N002,ALL,1,0,15
2024-04-18T18:00:00-00:00,2024-04-18T19:00:00-00:00,2024-04-18,12,0,CATALYST_7_N002,CATALYST_7_N002,CATALYST_7_N002,DAM,MGHG,LMP_GHG_PRC,CATALYST_7_N002,ALL,1,0,15
2024-04-18T15:00:00-00:00,2024-04-18T16:00:00-00:00,2024-04-18,9,0,CATALYST_7_N002,CATALYST_7_N002,CATALYST_7_N002,DAM,MGHG,LMP_GHG_PRC,CATALYST_7_N002,ALL,1,0,15
2024-04-18T10:00:00-00:00,2024-04-18T11:00:00-00:00,2024-04-18,4,0,CATALYST_7_N002,CATALYST_7_N002,CATALYST_7_N002,DAM,MGHG,LMP_GHG_PRC,CATALYST_7_N002,ALL,1,0,15
2024-04-19T02:00:00-00:00,2024-04-19T03:00:00-00:00,2024-04-18,20,0,CATALYST_7_N002,CATALYST_7_N002,CATALYST_7_N002,DAM,MGHG,LMP_GHG_PRC,CATALYST_7_N002,ALL,1,0,15
2024-04-18T16:00:00-00:00,2024-04-18T17:00:00-00:00,2024-04-18,10,0,CATALYST_7_N002,CATALYST_7_N002,CATALYST_7_N002,DAM,MGHG,LMP_GHG_PRC,CATALYST_7_N002,ALL,1,0,15
2024-04-19T05:00:00-00:00,2024-04-19T06:00:00-00:00,2024-04-18,23,0,STATIN-L_7_N001,STATIN-L_7_N001,STATIN-L_7_N001,DAM,LMP,LMP_PRC,STATIN-L_7_N001,ALL,1,36.07322,16
2024-04-19T04:00:00-00:00,2024-04-19T05:00:00-00:00,2024-04-18,22,0,STATIN-L_7_N001,STATIN-L_7_N001,STATIN-L_7_N001,DAM,LMP,LMP_PRC,STATIN-L_7_N001,ALL,1,41.61543,16
2024-04-18T14:00:00-00:00,2024-04-18T15:00:00-00:00,2024-04-18,8,0,STATIN-L_7_N001,STATIN-L_7_N001,STATIN-L_7_N001,DAM,LMP,LMP_PRC,STATIN-L_7_N001,ALL,1,41.89701,16
2024-04-18T21:00:00-00:00,2024-04-18T22:00:00-00:00,2024-04-18,15,0,STATIN-L_7_N001,STATIN-L_7_N001,STATIN-L_7_N001,DAM,LMP,LMP_PRC,STATIN-L_7_N001,ALL,1,13.45718,16
2024-04-18T23:00:00-00:00,2024-04-19T00:00:00-00:00,2024-04-18,17,0,STATIN-L_7_N001,STATIN-L_7_N001,STATIN-L_7_N001,DAM,LMP,LMP_PRC,STATIN-L_7_N001,ALL,1,18.48902,16
2024-04-19T02:00:00-00:00,2024-04-19T03:00:00-00:00,2024-04-18,20,0,STATIN-L_7_N001,STATIN-L_7_N001,STATIN-L_7_N001,DAM,LMP,LMP_PRC,STATIN-L_7_N001,ALL,1,53.12995,16
2024-04-19T06:00:00-00:00,2024-04-19T07:00:00-00:00,2024-04-18,24,0,STATIN-L_7_N001,STATIN-L_7_N001,STATIN-L_7_N001,DAM,LMP,LMP_PRC,STATIN-L_7_N001,ALL,1,33.00842,16
2024-04-18T15:00:00-00:00,2024-04-18T16:00:00-00:00,2024-04-18,9,0,STATIN-L_7_N001,STATIN-L_7_N001,STATIN-L_7_N001,DAM,LMP,LMP_PRC,STATIN-L_7_N001,ALL,1,39.83773,16
2024-04-18T16:00:00-00:00,2024-04-18T17:00:00-00:00,2024-04-18,10,0,STATIN-L_7_N001,STATIN-L_7_N001,STATIN-L_7_N001,DAM,LMP,LMP_PRC,STATIN-L_7_N001,ALL,1,31.89964,16
2024-04-18T22:00:00-00:00,2024-04-18T23:00:00-00:00,2024-04-18,16,0,STATIN-L_7_N001,STATIN-L_7_N001,STATIN-L_7_N001,DAM,LMP,LMP_PRC,STATIN-L_7_N001,ALL,1,17.83666,16
2024-04-18T07:00:00-00:00,2024-04-18T08:00:00-00:00,2024-04-18,1,0,STATIN-L_7_N001,STATIN-L_7_N001,STATIN-L_7_N001,DAM,LMP,LMP_PRC,STATIN-L_7_N001,ALL,1,32.42897,16
2024-04-18T09:00:00-00:00,2024-04-18T10:00:00-00:00,2024-04-18,3,0,STATIN-L_7_N001,STATIN-L_7_N001,STATIN-L_7_N001,DAM,LMP,LMP_PRC,STATIN-L_7_N001,ALL,1,30.52499,16
2024-04-19T03:00:00-00:00,2024-04-19T04:00:00-00:00,2024-04-18,21,0,STATIN-L_7_N001,STATIN-L_7_N001,STATIN-L_7_N001,DAM,LMP,LMP_PRC,STATIN-L_7_N001,ALL,1,47.68558,16
2024-04-18T17:00:00-00:00,2024-04-18T18:00:00-00:00,2024-04-18,11,0,STATIN-L_7_N001,STATIN-L_7_N001,STATIN-L_7_N001,DAM,LMP,LMP_PRC,STATIN-L_7_N001,ALL,1,24.10379,16
2024-04-18T18:00:00-00:00,2024-04-18T19:00:00-00:00,2024-04-18,12,0,STATIN-L_7_N001,STATIN-L_7_N001,STATIN-L_7_N001,DAM,LMP,LMP_PRC,STATIN-L_7_N001,ALL,1,15.63677,16
2024-04-18T08:00:00-00:00,2024-04-18T09:00:00-00:00,2024-04-18,2,0,STATIN-L_7_N001,STATIN-L_7_N001,STATIN-L_7_N001,DAM,LMP,LMP_PRC,STATIN-L_7_N001,ALL,1,32.22337,16
2024-04-18T20:00:00-00:00,2024-04-18T21:00:00-00:00,2024-04-18,14,0,STATIN-L_7_N001,STATIN-L_7_N001,STATIN-L_7_N001,DAM,LMP,LMP_PRC,STATIN-L_7_N001,ALL,1,22.61981,16
2024-04-19T01:00:00-00:00,2024-04-19T02:00:00-00:00,2024-04-18,19,0,STATIN-L_7_N001,STATIN-L_7_N001,STATIN-L_7_N001,DAM,LMP,LMP_PRC,STATIN-L_7_N001,ALL,1,59.7456,16
2024-04-18T11:00:00-00:00,2024-04-18T12:00:00-00:00,2024-04-18,5,0,STATIN-L_7_N001,STATIN-L_7_N001,STATIN-L_7_N001,DAM,LMP,LMP_PRC,STATIN-L_7_N001,ALL,1,33.59145,16
2024-04-18T19:00:00-00:00,2024-04-18T20:00:00-00:00,2024-04-18,13,0,STATIN-L_7_N001,STATIN-L_7_N001,STATIN-L_7_N001,DAM,LMP,LMP_PRC,STATIN-L_7_N001,ALL,1,10.8149,16
2024-04-19T00:00:00-00:00,2024-04-19T01:00:00-00:00,2024-04-18,18,0,STATIN-L_7_N001,STATIN-L_7_N001,STATIN-L_7_N001,DAM,LMP,LMP_PRC,STATIN-L_7_N001,ALL,1,42.83504,16
2024-04-18T10:00:00-00:00,2024-04-18T11:00:00-00:00,2024-04-18,4,0,STATIN-L_7_N001,STATIN-L_7_N001,STATIN-L_7_N001,DAM,LMP,LMP_PRC,STATIN-L_7_N001,ALL,1,32.56999,16
2024-04-18T12:00:00-00:00,2024-04-18T13:00:00-00:00,2024-04-18,6,0,STATIN-L_7_N001,STATIN-L_7_N001,STATIN-L_7_N001,DAM,LMP,LMP_PRC,STATIN-L_7_N001,ALL,1,43.22278,16
2024-04-18T13:00:00-00:00,2024-04-18T14:00:00-00:00,2024-04-18,7,0,STATIN-L_7_N001,STATIN-L_7_N001,STATIN-L_7_N001,DAM,LMP,LMP_PRC,STATIN-L_7_N001,ALL,1,50.40176,16
2024-04-19T06:00:00-00:00,2024-04-19T07:00:00-00:00,2024-04-18,24,0,STATIN-L_7_N001,STATIN-L_7_N001,STATIN-L_7_N001,DAM,MCC,LMP_CONG_PRC,STATIN-L_7_N001,ALL,1,0,17
2024-04-18T14:00:00-00:00,2024-04-18T15:00:00-00:00,2024-04-18,8,0,STATIN-L_7_N001,STATIN-L_7_N001,STATIN-L_7_N001,DAM,MCC,LMP_CONG_PRC,STATIN-L_7_N001,ALL,1,1.6714,17
2024-04-18T19:00:00-00:00,2024-04-18T20:00:00-00:00,2024-04-18,13,0,STATIN-L_7_N001,STATIN-L_7_N001,STATIN-L_7_N001,DAM,MCC,LMP_CONG_PRC,STATIN-L_7_N001,ALL,1,10.21924,17
2024-04-19T01:00:00-00:00,2024-04-19T02:00:00-00:00,2024-04-18,19,0,STATIN-L_7_N001,STATIN-L_7_N001,STATIN-L_7_N001,DAM,MCC,LMP_CONG_PRC,STATIN-L_7_N001,ALL,1,10.26344,17
2024-04-18T11:00:00-00:00,2024-04-18T12:00:00-00:00,2024-04-18,5,0,STATIN-L_7_N001,STATIN-L_7_N001,STATIN-L_7_N001,DAM,MCC,LMP_CONG_PRC,STATIN-L_7_N001,ALL,1,0,17
2024-04-18T13:00:00-00:00,2024-04-18T14:00:00-00:00,2024-04-18,7,0,STATIN-L_7_N001,STATIN-L_7_N001,STATIN-L_7_N001,DAM,MCC,LMP_CONG_PRC,STATIN-L_7_N001,ALL,1,0,17
2024-04-18T21:00:00-00:00,2024-04-18T22:00:00-00:00,2024-04-18,15,0,STATIN-L_7_N001,STATIN-L_7_N001,STATIN-L_7_N001,DAM,MCC,LMP_CONG_PRC,STATIN-L_7_N001,ALL,1,13.76276,17
2024-04-18T07:00:00-00:00,2024-04-18T08:00:00-00:00,2024-04-18,1,0,STATIN-L_7_N001,STATIN-L_7_N001,STATIN-L_7_N001,DAM,MCC,LMP_CONG_PRC,STATIN-L_7_N001,ALL,1,0,17
2024-04-18T10:00:00-00:00,2024-04-18T11:00:00-00:00,2024-04-18,4,0,STATIN-L_7_N001,STATIN-L_7_N001,STATIN-L_7_N001,DAM,MCC,LMP_CONG_PRC,STATIN-L_7_N001,ALL,1,0,17
2024-04-18T23:00:00-00:00,2024-04-19T00:00:00-00:00,2024-04-18,17,0,STATIN-L_7_N001,STATIN-L_7_N001,STATIN-L_7_N001,DAM,MCC,LMP_CONG_PRC,STATIN-L_7_N001,ALL,1,11.83986,17
2024-04-18T15:00:00-00:00,2024-04-18T16:00:00-00:00,2024-04-18,9,0,STATIN-L_7_N001,STATIN-L_7_N001,STATIN-L_7_N001,DAM,MCC,LMP_CONG_PRC,STATIN-L_7_N001,ALL,1,9.57662,17
2024-04-18T20:00:00-00:00,2024-04-18T21:00:00-00:00,2024-04-18,14,0,STATIN-L_7_N001,STATIN-L_7_N001,STATIN-L_7_N001,DAM,MCC,LMP_CONG_PRC,STATIN-L_7_N001,ALL,1,23.67671,17
2024-04-18T18:00:00-00:00,2024-04-18T19:00:00-00:00,2024-04-18,12,0,STATIN-L_7_N001,STATIN-L_7_N001,STATIN-L_7_N001,DAM,MCC,LMP_CONG_PRC,STATIN-L_7_N001,ALL,1,11.96573,17
2024-04-18T09:00:00-00:00,2024-04-18T10:00:00-00:00,2024-04-18,3,0,STATIN-L_7_N001,STATIN-L_7_N001,STATIN-L_7_N001,DAM,MCC,LMP_CONG_PRC,STATIN-L_7_N001,ALL,1,0,17
2024-04-18T17:00:00-00:00,2024-04-18T18:00:00-00:00,2024-04-18,11,0,STATIN-L_7_N001,STATIN-L_7_N001,STATIN-L_7_N001,DAM,MCC,LMP_CONG_PRC,STATIN-L_7_N001,ALL,1,16.52598,17
2024-04-19T00:00:00-00:00,2024-04-19T01:00:00-00:00,2024-04-18,18,0,STATIN-L_7_N001,STATIN-L_7_N001,STATIN-L_7_N001,DAM,MCC,LMP_CONG_PRC,STATIN-L_7_N001,ALL,1,15.64728,17
2024-04-18T16:00:00-00:00,2024-04-18T17:00:00-00:00,2024-04-18,10,0,STATIN-L_7_N001,STATIN-L_7_N001,STATIN-L_7_N001,DAM,MCC,LMP_CONG_PRC,STATIN-L_7_N001,ALL,1,17.10425,17
2024-04-19T02:00:00-00:00,2024-04-19T03:00:00-00:00,2024-04-18,20,0,STATIN-L_7_N001,STATIN-L_7_N001,STATIN-L_7_N001,DAM,MCC,LMP_CONG_PRC,STATIN-L_7_N001,ALL,1,-4.80319,17
2024-04-19T05:00:00-00:00,2024-04-19T06:00:00-00:00,2024-04-18,23,0,STATIN-L_7_N001,STATIN-L_7_N001,STATIN-L_7_N001,DAM,MCC,LMP_CONG_PRC,STATIN-L_7_N001,ALL,1,-2.10637,17
2024-04-18T08:00:00-00:00,2024-04-18T09:00:00-00:00,2024-04-18,2,0,STATIN-L_7_N001,STATIN-L_7_N001,STATIN-L_7_N001,DAM,MCC,LMP_CONG_PRC,STATIN-L_7_N001,ALL,1,0,17
2024-04-18T12:00:00-00:00,2024-04-18T13:00:00-00:00,2024-04-18,6,0,STATIN-L_7_N001,STATIN-L_7_N001,STATIN-L_7_N001,DAM,MCC,LMP_CONG_PRC,STATIN-L_7_N001,ALL,1,0,17
2024-04-18T22:00:00-00:00,2024-04-18T23:00:00-00:00,2024-04-18,16,0,STATIN-L_7_N001,STATIN-L_7_N001,STATIN-L_7_N001,DAM,MCC,LMP_CONG_PRC,STATIN-L_7_N001,ALL,1,11.91148,17
2024-04-19T03:00:00-00:00,2024-04-19T04:00:00-00:00,2024-04-18,21,0,STATIN-L_7_N001,STATIN-L_7_N001,STATIN-L_7_N001,DAM,MCC,LMP_CONG_PRC,STATIN-L_7_N001,ALL,1,-1.55656,17
2024-04-19T04:00:00-00:00,2024-04-19T05:00:00-00:00,2024-04-18,22,0,STATIN-L_7_N001,STATIN-L_7_N001,STATIN-L_7_N001,DAM,MCC,LMP_CONG_PRC,STATIN-L_7_N001,ALL,1,-3.89763,17
2024-04-19T06:00:00-00:00,2024-04-19T07:00:00-00:00,2024-04-18,24,0,STATIN-L_7_N001,STATIN-L_7_N001,STATIN-L_7_N001,DAM,MCE,LMP_ENE_PRC,STATIN-L_7_N001,ALL,1,32.12811,18
2024-04-18T08:00:00-00:00,2024-04-18T09:00:00-00:00,2024-04-18,2,0,STATIN-L_7_N001,STATIN-L_7_N001,STATIN-L_7_N001,DAM,MCE,LMP_ENE_PRC,STATIN-L_7_N001,ALL,1,31.44971,18
2024-04-19T01:00:00-00:00,2024-04-19T02:00:00-00:00,2024-04-18,19,0,STATIN-L_7_N001,STATIN-L_7_N001,STATIN-L_7_N001,DAM,MCE,LMP_ENE_PRC,STATIN-L_7_N001,ALL,1,47.30155,18
2024-04-19T05:00:00-00:00,2024-04-19T06:00:00-00:00,2024-04-18,23,0,STATIN-L_7_N001,STATIN-L_7_N001,STATIN-L_7_N001,DAM,MCE,LMP_ENE_PRC,STATIN-L_7_N001,ALL,1,37.15053,18
2024-04-18T14:00:00-00:00,2024-04-18T15:00:00-00:00,2024-04-18,8,0,STATIN-L_7_N001,STATIN-L_7_N001,STATIN-L_7_N001,DAM,MCE,LMP_ENE_PRC,STATIN-L_7_N001,ALL,1,38.475,18
2024-04-18T10:00:00-00:00,2024-04-18T11:00:00-00:00,2024-04-18,4,0,STATIN-L_7_N001,STATIN-L_7_N001,STATIN-L_7_N001,DAM,MCE,LMP_ENE_PRC,STATIN-L_7_N001,ALL,1,31.71064,18
2024-04-18T16:00:00-00:00,2024-04-18T17:00:00-00:00,2024-04-18,10,0,STATIN-L_7_N001,STATIN-L_7_N001,STATIN-L_7_N001,DAM,MCE,LMP_ENE_PRC,STATIN-L_7_N001,ALL,1,14.05738,18
2024-04-18T15:00:00-00:00,2024-04-18T16:00:00-00:00,2024-04-18,9,0,STATIN-L_7_N001,STATIN-L_7_N001,STATIN-L_7_N001,DAM,MCE,LMP_ENE_PRC,STATIN-L_7_N001,ALL,1,28.75439,18
2024-04-18T18:00:00-00:00,2024-04-18T19:00:00-00:00,2024-04-18,12,0,STATIN-L_7_N001,STATIN-L_7_N001,STATIN-L_7_N001,DAM,MCE,LMP_ENE_PRC,STATIN-L_7_N001,ALL,1,3.48892,18
2024-04-18T12:00:00-00:00,2024-04-18T13:00:00-00:00,2024-04-18,6,0,STATIN-L_7_N001,STATIN-L_7_N001,STATIN-L_7_N001,DAM,MCE,LMP_ENE_PRC,STATIN-L_7_N001,ALL,1,42.26753,18
2024-04-18T21:00:00-00:00,2024-04-18T22:00:00-00:00,2024-04-18,15,0,STATIN-L_7_N001,STATIN-L_7_N001,STATIN-L_7_N001,DAM,MCE,LMP_ENE_PRC,STATIN-L_7_N001,ALL,1,-0.29106,18
2024-04-18T19:00:00-00:00,2024-04-18T20:00:00-00:00,2024-04-18,13,0,STATIN-L_7_N001,STATIN-L_7_N001,STATIN-L_7_N001,DAM,MCE,LMP_ENE_PRC,STATIN-L_7_N001,ALL,1,0.56477,18
2024-04-18T11:00:00-00:00,2024-04-18T12:00:00-00:00,2024-04-18,5,0,STATIN-L_7_N001,STATIN-L_7_N001,STATIN-L_7_N001,DAM,MCE,LMP_ENE_PRC,STATIN-L_7_N001,ALL,1,32.88122,18
2024-04-19T04:00:00-00:00,2024-04-19T05:00:00-00:00,2024-04-18,22,0,STATIN-L_7_N001,STATIN-L_7_N001,STATIN-L_7_N001,DAM,MCE,LMP_ENE_PRC,STATIN-L_7_N001,ALL,1,44.56821,18
2024-04-19T03:00:00-00:00,2024-04-19T04:00:00-00:00,2024-04-18,21,0,STATIN-L_7_N001,STATIN-L_7_N001,STATIN-L_7_N001,DAM,MCE,LMP_ENE_PRC,STATIN-L_7_N001,ALL,1,47.80326,18
2024-04-18T20:00:00-00:00,2024-04-18T21:00:00-00:00,2024-04-18,14,0,STATIN-L_7_N001,STATIN-L_7_N001,STATIN-L_7_N001,DAM,MCE,LMP_ENE_PRC,STATIN-L_7_N001,ALL,1,-0.99877,18
2024-04-18T07:00:00-00:00,2024-04-18T08:00:00-00:00,2024-04-18,1,0,STATIN-L_7_N001,STATIN-L_7_N001,STATIN-L_7_N001,DAM,MCE,LMP_ENE_PRC,STATIN-L_7_N001,ALL,1,31.80246,18
2024-04-18T13:00:00-00:00,2024-04-18T14:00:00-00:00,2024-04-18,7,0,STATIN-L_7_N001,STATIN-L_7_N001,STATIN-L_7_N001,DAM,MCE,LMP_ENE_PRC,STATIN-L_7_N001,ALL,1,49.29267,18
2024-04-19T02:00:00-00:00,2024-04-19T03:00:00-00:00,2024-04-18,20,0,STATIN-L_7_N001,STATIN-L_7_N001,STATIN-L_7_N001,DAM,MCE,LMP_ENE_PRC,STATIN-L_7_N001,ALL,1,56.58086,18
2024-04-19T00:00:00-00:00,2024-04-19T01:00:00-00:00,2024-04-18,18,0,STATIN-L_7_N001,STATIN-L_7_N001,STATIN-L_7_N001,DAM,MCE,LMP_ENE_PRC,STATIN-L_7_N001,ALL,1,25.2229,18
2024-04-18T23:00:00-00:00,2024-04-19T00:00:00-00:00,2024-04-18,17,0,STATIN-L_7_N001,STATIN-L_7_N001,STATIN-L_7_N001,DAM,MCE,LMP_ENE_PRC,STATIN-L_7_N001,ALL,1,6.25156,18
2024-04-18T22:00:00-00:00,2024-04-18T23:00:00-00:00,2024-04-18,16,0,STATIN-L_7_N001,STATIN-L_7_N001,STATIN-L_7_N001,DAM,MCE,LMP_ENE_PRC,STATIN-L_7_N001,ALL,1,5.63444,18
2024-04-18T17:00:00-00:00,2024-04-18T18:00:00-00:00,2024-04-18,11,0,STATIN-L_7_N001,STATIN-L_7_N001,STATIN-L_7_N001,DAM,MCE,LMP_ENE_PRC,STATIN-L_7_N001,ALL,1,7.18821,18
2024-04-18T09:00:00-00:00,2024-04-18T10:00:00-00:00,2024-04-18,3,0,STATIN-L_7_N001,STATIN-L_7_N001,STATIN-L_7_N001,DAM,MCE,LMP_ENE_PRC,STATIN-L_7_N001,ALL,1,30.52499,18
2024-04-18T12:00:00-00:00,2024-04-18T13:00:00-00:00,2024-04-18,6,0,STATIN-L_7_N001,STATIN-L_7_N001,STATIN-L_7_N001,DAM,MCL,LMP_LOSS_PRC,STATIN-L_7_N001,ALL,1,0.95525,19
2024-04-19T02:00:00-00:00,2024-04-19T03:00:00-00:00,2024-04-18,20,0,STATIN-L_7_N001,STATIN-L_7_N001,STATIN-L_7_N001,DAM,MCL,LMP_LOSS_PRC,STATIN-L_7_N001,ALL,1,1.35228,19
2024-04-19T06:00:00-00:00,2024-04-19T07:00:00-00:00,2024-04-18,24,0,STATIN-L_7_N001,STATIN-L_7_N001,STATIN-L_7_N001,DAM,MCL,LMP_LOSS_PRC,STATIN-L_7_N001,ALL,1,0.88031,19
2024-04-18T14:00:00-00:00,2024-04-18T15:00:00-00:00,2024-04-18,8,0,STATIN-L_7_N001,STATIN-L_7_N001,STATIN-L_7_N001,DAM,MCL,LMP_LOSS_PRC,STATIN-L_7_N001,ALL,1,1.75061,19
2024-04-19T05:00:00-00:00,2024-04-19T06:00:00-00:00,2024-04-18,23,0,STATIN-L_7_N001,STATIN-L_7_N001,STATIN-L_7_N001,DAM,MCL,LMP_LOSS_PRC,STATIN-L_7_N001,ALL,1,1.02907,19
2024-04-19T04:00:00-00:00,2024-04-19T05:00:00-00:00,2024-04-18,22,0,STATIN-L_7_N001,STATIN-L_7_N001,STATIN-L_7_N001,DAM,MCL,LMP_LOSS_PRC,STATIN-L_7_N001,ALL,1,0.94485,19
2024-04-18T13:00:00-00:00,2024-04-18T14:00:00-00:00,2024-04-18,7,0,STATIN-L_7_N001,STATIN-L_7_N001,STATIN-L_7_N001,DAM,MCL,LMP_LOSS_PRC,STATIN-L_7_N001,ALL,1,1.10909,19
2024-04-18T20:00:00-00:00,2024-04-18T21:00:00-00:00,2024-04-18,14,0,STATIN-L_7_N001,STATIN-L_7_N001,STATIN-L_7_N001,DAM,MCL,LMP_LOSS_PRC,STATIN-L_7_N001,ALL,1,-0.05813,19
2024-04-19T01:00:00-00:00,2024-04-19T02:00:00-00:00,2024-04-18,19,0,STATIN-L_7_N001,STATIN-L_7_N001,STATIN-L_7_N001,DAM,MCL,LMP_LOSS_PRC,STATIN-L_7_N001,ALL,1,2.1806,19
2024-04-18T18:00:00-00:00,2024-04-18T19:00:00-00:00,2024-04-18,12,0,STATIN-L_7_N001,STATIN-L_7_N001,STATIN-L_7_N001,DAM,MCL,LMP_LOSS_PRC,STATIN-L_7_N001,ALL,1,0.18212,19
2024-04-18T15:00:00-00:00,2024-04-18T16:00:00-00:00,2024-04-18,9,0,STATIN-L_7_N001,STATIN-L_7_N001,STATIN-L_7_N001,DAM,MCL,LMP_LOSS_PRC,STATIN-L_7_N001,ALL,1,1.50673,19
2024-04-18T09:00:00-00:00,2024-04-18T10:00:00-00:00,2024-04-18,3,0,STATIN-L_7_N001,STATIN-L_7_N001,STATIN-L_7_N001,DAM,MCL,LMP_LOSS_PRC,STATIN-L_7_N001,ALL,1,0,19
2024-04-18T11:00:00-00:00,2024-04-18T12:00:00-00:00,2024-04-18,5,0,STATIN-L_7_N001,STATIN-L_7_N001,STATIN-L_7_N001,DAM,MCL,LMP_LOSS_PRC,STATIN-L_7_N001,ALL,1,0.71023,19
2024-04-18T08:00:00-00:00,2024-04-18T09:00:00-00:00,2024-04-18,2,0,STATIN-L_7_N001,STATIN-L_7_N001,STATIN-L_7_N001,DAM,MCL,LMP_LOSS_PRC,STATIN-L_7_N001,ALL,1,0.77366,19
2024-04-18T10:00:00-00:00,2024-04-18T11:00:00-00:00,2024-04-18,4,0,STATIN-L_7_N001,STATIN-L_7_N001,STATIN-L_7_N001,DAM,MCL,LMP_LOSS_PRC,STATIN-L_7_N001,ALL,1,0.85936,19
2024-04-18T07:00:00-00:00,2024-04-18T08:00:00-00:00,2024-04-18,1,0,STATIN-L_7_N001,STATIN-L_7_N001,STATIN-L_7_N001,DAM,MCL,LMP_LOSS_PRC,STATIN-L_7_N001,ALL,1,0.62651,19
2024-04-18T23:00:00-00:00,2024-04-19T00:00:00-00:00,2024-04-18,17,0,STATIN-L_7_N001,STATIN-L_7_N001,STATIN-L_7_N001,DAM,MCL,LMP_LOSS_PRC,STATIN-L_7_N001,ALL,1,0.3976,19
2024-04-19T03:00:00-00:00,2024-04-19T04:00:00-00:00,2024-04-18,21,0,STATIN-L_7_N001,STATIN-L_7_N001,STATIN-L_7_N001,DAM,MCL,LMP_LOSS_PRC,STATIN-L_7_N001,ALL,1,1.43888,19
2024-04-18T22:00:00-00:00,2024-04-18T23:00:00-00:00,2024-04-18,16,0,STATIN-L_7_N001,STATIN-L_7_N001,STATIN-L_7_N001,DAM,MCL,LMP_LOSS_PRC,STATIN-L_7_N001,ALL,1,0.29074,19
2024-04-18T21:00:00-00:00,2024-04-18T22:00:00-00:00,2024-04-18,15,0,STATIN-L_7_N001,STATIN-L_7_N001,STATIN-L_7_N001,DAM,MCL,LMP_LOSS_PRC,STATIN-L_7_N001,ALL,1,-0.01452,19
2024-04-18T19:00:00-00:00,2024-04-18T20:00:00-00:00,2024-04-18,13,0,STATIN-L_7_N001,STATIN-L_7_N001,STATIN-L_7_N001,DAM,MCL,LMP_LOSS_PRC,STATIN-L_7_N001,ALL,1,0.03089,19
2024-04-18T17:00:00-00:00,2024-04-18T18:00:00-00:00,2024-04-18,11,0,STATIN-L_7_N001,STATIN-L_7_N001,STATIN-L_7_N001,DAM,MCL,LMP_LOSS_PRC,STATIN-L_7_N001,ALL,1,0.3896,19
2024-04-18T16:00:00-00:00,2024-04-18T17:00:00-00:00,2024-04-18,10,0,STATIN-L_7_N001,STATIN-L_7_N001,STATIN-L_7_N001,DAM,MCL,LMP_LOSS_PRC,STATIN-L_7_N001,ALL,1,0.73801,19
2024-04-19T00:00:00-00:00,2024-04-19T01:00:00-00:00,2024-04-18,18,0,STATIN-L_7_N001,STATIN-L_7_N001,STATIN-L_7_N001,DAM,MCL,LMP_LOSS_PRC,STATIN-L_7_N001,ALL,1,1.96486,19
2024-04-18T19:00:00-00:00,2024-04-18T20:00:00-00:00,2024-04-18,13,0,STATIN-L_7_N001,STATIN-L_7_N001,STATIN-L_7_N001,DAM,MGHG,LMP_GHG_PRC,STATIN-L_7_N001,ALL,1,0,20
2024-04-19T04:00:00-00:00,2024-04-19T05:00:00-00:00,2024-04-18,22,0,STATIN-L_7_N001,STATIN-L_7_N001,STATIN-L_7_N001,DAM,MGHG,LMP_GHG_PRC,STATIN-L_7_N001,ALL,1,0,20
2024-04-19T05:00:00-00:00,2024-04-19T06:00:00-00:00,2024-04-18,23,0,STATIN-L_7_N001,STATIN-L_7_N001,STATIN-L_7_N001,DAM,MGHG,LMP_GHG_PRC,STATIN-L_7_N001,ALL,1,0,20
2024-04-18T11:00:00-00:00,2024-04-18T12:00:00-00:00,2024-04-18,5,0,STATIN-L_7_N001,STATIN-L_7_N001,STATIN-L_7_N001,DAM,MGHG,LMP_GHG_PRC,STATIN-L_7_N001,ALL,1,0,20
2024-04-18T17:00:00-00:00,2024-04-18T18:00:00-00:00,2024-04-18,11,0,STATIN-L_7_N001,STATIN-L_7_N001,STATIN-L_7_N001,DAM,MGHG,LMP_GHG_PRC,STATIN-L_7_N001,ALL,1,0,20
2024-04-18T09:00:00-00:00,2024-04-18T10:00:00-00:00,2024-04-18,3,0,STATIN-L_7_N001,STATIN-L_7_N001,STATIN-L_7_N001,DAM,MGHG,LMP_GHG_PRC,STATIN-L_7_N001,ALL,1,0,20
2024-04-18T16:00:00-00:00,2024-04-18T17:00:00-00:00,2024-04-18,10,0,STATIN-L_7_N001,STATIN-L_7_N001,STATIN-L_7_N001,DAM,MGHG,LMP_GHG_PRC,STATIN-L_7_N001,ALL,1,0,20
2024-04-18T23:00:00-00:00,2024-04-19T00:00:00-00:00,2024-04-18,17,0,STATIN-L_7_N001,STATIN-L_7_N001,STATIN-L_7_N001,DAM,MGHG,LMP_GHG_PRC,STATIN-L_7_N001,ALL,1,0,20
2024-04-19T00:00:00-00:00,2024-04-19T01:00:00-00:00,2024-04-18,18,0,STATIN-L_7_N001,STATIN-L_7_N001,STATIN-L_7_N001,DAM,MGHG,LMP_GHG_PRC,STATIN-L_7_N001,ALL,1,0,20
2024-04-19T03:00:00-00:00,2024-04-19T04:00:00-00:00,2024-04-18,21,0,STATIN-L_7_N001,STATIN-L_7_N001,STATIN-L_7_N001,DAM,MGHG,LMP_GHG_PRC,STATIN-L_7_N001,ALL,1,0,20
2024-04-19T06:00:00-00:00,2024-04-19T07:00:00-00:00,2024-04-18,24,0,STATIN-L_7_N001,STATIN-L_7_N001,STATIN-L_7_N001,DAM,MGHG,LMP_GHG_PRC,STATIN-L_7_N001,ALL,1,0,20
2024-04-19T02:00:00-00:00,2024-04-19T03:00:00-00:00,2024-04-18,20,0,STATIN-L_7_N001,STATIN-L_7_N001,STATIN-L_7_N001,DAM,MGHG,LMP_GHG_PRC,STATIN-L_7_N001,ALL,1,0,20
2024-04-18T07:00:00-00:00,2024-04-18T08:00:00-00:00,2024-04-18,1,0,STATIN-L_7_N001,STATIN-L_7_N001,STATIN-L_7_N001,DAM,MGHG,LMP_GHG_PRC,STATIN-L_7_N001,ALL,1,0,20
2024-04-18T10:00:00-00:00,2024-04-18T11:00:00-00:00,2024-04-18,4,0,STATIN-L_7_N001,STATIN-L_7_N001,STATIN-L_7_N001,DAM,MGHG,LMP_GHG_PRC,STATIN-L_7_N001,ALL,1,0,20
2024-04-18T14:00:00-00:00,2024-04-18T15:00:00-00:00,2024-04-18,8,0,STATIN-L_7_N001,STATIN-L_7_N001,STATIN-L_7_N001,DAM,MGHG,LMP_GHG_PRC,STATIN-L_7_N001,ALL,1,0,20
2024-04-18T21:00:00-00:00,2024-04-18T22:00:00-00:00,2024-04-18,15,0,STATIN-L_7_N001,STATIN-L_7_N001,STATIN-L_7_N001,DAM,MGHG,LMP_GHG_PRC,STATIN-L_7_N001,ALL,1,0,20
2024-04-18T08:00:00-00:00,2024-04-18T09:00:00-00:00,2024-04-18,2,0,STATIN-L_7_N001,STATIN-L_7_N001,STATIN-L_7_N001,DAM,MGHG,LMP_GHG_PRC,STATIN-L_7_N001,ALL,1,0,20
2024-04-18T12:00:00-00:00,2024-04-18T13:00:00-00:00,2024-04-18,6,0,STATIN-L_7_N001,STATIN-L_7_N001,STATIN-L_7_N001,DAM,MGHG,LMP_GHG_PRC,STATIN-L_7_N001,ALL,1,0,20
2024-04-18T13:00:00-00:00,2024-04-18T14:00:00-00:00,2024-04-18,7,0,STATIN-L_7_N001,STATIN-L_7_N001,STATIN-L_7_N001,DAM,MGHG,LMP_GHG_PRC,STATIN-L_7_N001,ALL,1,0,20
2024-04-18T15:00:00-00:00,2024-04-18T16:00:00-00:00,2024-04-18,9,0,STATIN-L_7_N001,STATIN-L_7_N001,STATIN-L_7_N001,DAM,MGHG,LMP_GHG_PRC,STATIN-L_7_N001,ALL,1,0,20
2024-04-18T18:00:00-00:00,2024-04-18T19:00:00-00:00,2024-04-18,12,0,STATIN-L_7_N001,STATIN-L_7_N001,STATIN-L_7_N001,DAM,MGHG,LMP_GHG_PRC,STATIN-L_7_N001,ALL,1,0,20
2024-04-18T20:00:00-00:00,2024-04-18T21:00:00-00:00,2024-04-18,14,0,STATIN-L_7_N001,STATIN-L_7_N001,STATIN-L_7_N001,DAM,MGHG,LMP_GHG_PRC,STATIN-L_7_N001,ALL,1,0,20
2024-04-18T22:00:00-00:00,2024-04-18T23:00:00-00:00,2024-04-18,16,0,STATIN-L_7_N001,STATIN-L_7_N001,STATIN-L_7_N001,DAM,MGHG,LMP_GHG_PRC,STATIN-L_7_N001,ALL,1,0,20
2024-04-19T01:00:00-00:00,2024-04-19T02:00:00-00:00,2024-04-18,19,0,STATIN-L_7_N001,STATIN-L_7_N001,STATIN-L_7_N001,DAM,MGHG,LMP_GHG_PRC,STATIN-L_7_N001,ALL,1,0,20
