INTERVALSTARTTIME_GMT,INTERVALENDTIME_GMT,OPR_DT,OPR_HR,OPR_INTERVAL,NODE_ID_XML,NODE_ID,NODE,MARKET_RUN_ID,LMP_TYPE,XML_DATA_ITEM,PNODE_RESMRID,GRP_TYPE,POS,MW,GROUP
2024-04-19T06:00:00-00:00,2024-04-19T07:00:00-00:00,2024-04-18,24,0,CATALYST_7_N002,CATALYST_7_N002,CATALYST_7_N002,DAM,LMP,LMP_PRC,CATALYST_7_N002,ALL,1,32.98272,1
2024-04-19T00:00:00-00:00,2024-04-19T01:00:00-00:00,2024-04-18,18,0,CATALYST_7_N002,CATALYST_7_N002,CATALYST_7_N002,DAM,LMP,LMP_PRC,CATALYST_7_N002,ALL,1,47.07839,1
2024-04-19T02:00:00-00:00,2024-04-19T03:00:00-00:00,2024-04-18,20,0,CATALYST_7_N002,CATALYST_7_N002,CATALYST_7_N002,DAM,LMP,LMP_PRC,CATALYST_7_N002,ALL,1,53.03554,1
2024-04-19T01:00:00-00:00,2024-04-19T02:00:00-00:00,2024-04-18,19,0,CATALYST_7_N002,CATALYST_7_N002,CATALYST_7_N002,DAM,LMP,LMP_PRC,CATALYST_7_N002,ALL,1,49.69118,1
2024-04-19T05:00:00-00:00,2024-04-19T06:00:00-00:00,2024-04-18,23,0,CATALYST_7_N002,CATALYST_7_N002,CATALYST_7_N002,DAM,LMP,LMP_PRC,CATALYST_7_N002,ALL,1,36.14823,1
2024-04-19T03:00:00-00:00,2024-04-19T04:00:00-00:00,2024-04-18,21,0,CATALYST_7_N002,CATALYST_7_N002,CATALYST_7_N002,DAM,LMP,LMP_PRC,CATALYST_7_N002,ALL,1,45.67461,1
2024-04-19T04:00:00-00:00,2024-04-19T05:00:00-00:00,2024-04-18,22,0,CATALYST_7_N002,CATALYST_7_N002,CATALYST_7_N002,DAM,LMP,LMP_PRC,CATALYST_7_N002,ALL,1,41.4327,1
2024-04-18T23:00:00-00:00,2024-04-19T00:00:00-00:00,2024-04-18,17,0,CATALYST_7_N002,CATALYST_7_N002,CATALYST_7_N002,DAM,LMP,LMP_PRC,CATALYST_7_N002,ALL,1,22.98903,1
2024-04-19T02:00:00-00:00,2024-04-19T03:00:00-00:00,2024-04-18,20,0,CATALYST_7_N002,CATALYST_7_N002,CATALYST_7_N002,DAM,MCC,LMP_CONG_PRC,CATALYST_7_N002,ALL,1,-4.90326,2
2024-04-18T23:00:00-00:00,2024-04-19T00:00:00-00:00,2024-04-18,17,0,CATALYST_7_N002,CATALYST_7_N002,CATALYST_7_N002,DAM,MCC,LMP_CONG_PRC,CATALYST_7_N002,ALL,1,16.43677,2
2024-04-19T04:00:00-00:00,2024-04-19T05:00:00-00:00,2024-04-18,22,0,CATALYST_7_N002,CATALYST_7_N002,CATALYST_7_N002,DAM,MCC,LMP_CONG_PRC,CATALYST_7_N002,ALL,1,-3.89763,2
2024-04-19T01:00:00-00:00,2024-04-19T02:00:00-00:00,2024-04-18,19,0,CATALYST_7_N002,CATALYST_7_N002,CATALYST_7_N002,DAM,MCC,LMP_CONG_PRC,CATALYST_7_N002,ALL,1,0.32256,2
2024-04-19T03:00:00-00:00,2024-04-19T04:00:00-00:00,2024-04-18,21,0,CATALYST_7_N002,CATALYST_7_N002,CATALYST_7_N002,DAM,MCC,LMP_CONG_PRC,CATALYST_7_N002,ALL,1,-3.32374,2
2024-04-19T06:00:00-00:00,2024-04-19T07:00:00-00:00,2024-04-18,24,0,CATALYST_7_N002,CATALYST_7_N002,CATALYST_7_N002,DAM,MCC,LMP_CONG_PRC,CATALYST_7_N002,ALL,1,0,2
2024-04-19T05:00:00-00:00,2024-04-19T06:00:00-00:00,2024-04-18,23,0,CATALYST_7_N002,CATALYST_7_N002,CATALYST_7_N002,DAM,MCC,LMP_CONG_PRC,CATALYST_7_N002,ALL,1,-2.01651,2
2024-04-19T00:00:00-00:00,2024-04-19T01:00:00-00:00,2024-04-18,18,0,CATALYST_7_N002,CATALYST_7_N002,CATALYST_7_N002,DAM,MCC,LMP_CONG_PRC,CATALYST_7_N002,ALL,1,20.32699,2
2024-04-19T06:00:00-00:00,2024-04-19T07:00:00-00:00,2024-04-18,24,0,CATALYST_7_N002,CATALYST_7_N002,CATALYST_7_N002,DAM,MCE,LMP_ENE_PRC,CATALYST_7_N002,ALL,1,32.12811,3
2024-04-19T04:00:00-00:00,2024-04-19T05:00:00-00:00,2024-04-18,22,0,CATALYST_7_N002,CATALYST_7_N002,CATALYST_7_N002,DAM,MCE,LMP_ENE_PRC,CATALYST_7_N002,ALL,1,44.56821,3
2024-04-19T03:00:00-00:00,2024-04-19T04:00:00-00:00,2024-04-18,21,0,CATALYST_7_N002,CATALYST_7_N002,CATALYST_7_N002,DAM,MCE,LMP_ENE_PRC,CATALYST_7_N002,ALL,1,47.80326,3
2024-04-19T05:00:00-00:00,2024-04-19T06:00:00-00:00,2024-04-18,23,0,CATALYST_7_N002,CATALYST_7_N002,CATALYST_7_N002,DAM,MCE,LMP_ENE_PRC,CATALYST_7_N002,ALL,1,37.15053,3
2024-04-19T01:00:00-00:00,2024-04-19T02:00:00-00:00,2024-04-18,19,0,CATALYST_7_N002,CATALYST_7_N002,CATALYST_7_N002,DAM,MCE,LMP_ENE_PRC,CATALYST_7_N002,ALL,1,47.30155,3
2024-04-19T00:00:00-00:00,2024-04-19T01:00:00-00:00,2024-04-18,18,0,CATALYST_7_N002,CATALYST_7_N002,CATALYST_7_N002,DAM,MCE,LMP_ENE_PRC,CATALYST_7_N002,ALL,1,25.2229,3
2024-04-18T23:00:00-00:00,2024-04-19T00:00:00-00:00,2024-04-18,17,0,CATALYST_7_N002,CATALYST_7_N002,CATALYST_7_N002,DAM,MCE,LMP_ENE_PRC,CATALYST_7_N002,ALL,1,6.25156,3
2024-04-19T02:00:00-00:00,2024-04-19T03:00:00-00:00,2024-04-18,20,0,CATALYST_7_N002,CATALYST_7_N002,CATALYST_7_N002,DAM,MCE,LMP_ENE_PRC,CATALYST_7_N002,ALL,1,56.58086,3
2024-04-19T04:00:00-00:00,2024-04-19T05:00:00-00:00,2024-04-18,22,0,CATALYST_7_N002,CATALYST_7_N002,CATALYST_7_N002,DAM,MCL,LMP_LOSS_PRC,CATALYST_7_N002,ALL,1,0.76212,4
2024-04-18T23:00:00-00:00,2024-04-19T00:00:00-00:00,2024-04-18,17,0,CATALYST_7_N002,CATALYST_7_N002,CATALYST_7_N002,DAM,MCL,LMP_LOSS_PRC,CATALYST_7_N002,ALL,1,0.3007,4
2024-04-19T03:00:00-00:00,2024-04-19T04:00:00-00:00,2024-04-18,21,0,CATALYST_7_N002,CATALYST_7_N002,CATALYST_7_N002,DAM,MCL,LMP_LOSS_PRC,CATALYST_7_N002,ALL,1,1.19508,4
2024-04-19T06:00:00-00:00,2024-04-19T07:00:00-00:00,2024-04-18,24,0,CATALYST_7_N002,CATALYST_7_N002,CATALYST_7_N002,DAM,MCL,LMP_LOSS_PRC,CATALYST_7_N002,ALL,1,0.85461,4
2024-04-19T05:00:00-00:00,2024-04-19T06:00:00-00:00,2024-04-18,23,0,CATALYST_7_N002,CATALYST_7_N002,CATALYST_7_N002,DAM,MCL,LMP_LOSS_PRC,CATALYST_7_N002,ALL,1,1.01421,4
2024-04-19T01:00:00-00:00,2024-04-19T02:00:00-00:00,2024-04-18,19,0,CATALYST_7_N002,CATALYST_7_N002,CATALYST_7_N002,DAM,MCL,LMP_LOSS_PRC,CATALYST_7_N002,ALL,1,2.06708,4
2024-04-19T00:00:00-00:00,2024-04-19T01:00:00-00:00,2024-04-18,18,0,CATALYST_7_N002,CATALYST_7_N002,CATALYST_7_N002,DAM,MCL,LMP_LOSS_PRC,CATALYST_7_N002,ALL,1,1.52851,4
2024-04-19T02:00:00-00:00,2024-04-19T03:00:00-00:00,2024-04-18,20,0,CATALYST_7_N002,CATALYST_7_N002,CATALYST_7_N002,DAM,MCL,LMP_LOSS_PRC,CATALYST_7_N002,ALL,1,1.35794,4
2024-04-19T01:00:00-00:00,2024-04-19T02:00:00-00:00,2024-04-18,19,0,CATALYST_7_N002,CATALYST_7_N002,CATALYST_7_N002,DAM,MGHG,LMP_GHG_PRC,CATALYST_7_N002,ALL,1,0,5
2024-04-19T00:00:00-00:00,2024-04-19T01:00:00-00:00,2024-04-18,18,0,CATALYST_7_N002,CATALYST_7_N002,CATALYST_7_N002,DAM,MGHG,LMP_GHG_PRC,CATALYST_7_N002,ALL,1,0,5
2024-04-19T05:00:00-00:00,2024-04-19T06:00:00-00:00,2024-04-18,23,0,CATALYST_7_N002,CATALYST_7_N002,CATALYST_7_N002,DAM,MGHG,LMP_GHG_PRC,CATALYST_7_N002,ALL,1,0,5
2024-04-19T04:00:00-00:00,2024-04-19T05:00:00-00:00,2024-04-18,22,0,CATALYST_7_N002,CATALYST_7_N002,CATALYST_7_N002,DAM,MGHG,LMP_GHG_PRC,CATALYST_7_N002,ALL,1,0,5
2024-04-19T03:00:00-00:00,2024-04-19T04:00:00-00:00,2024-04-18,21,0,CATALYST_7_N002,CATALYST_7_N002,CATALYST_7_N002,DAM,MGHG,LMP_GHG_PRC,CATALYST_7_N002,ALL,1,0,5
2024-04-19T02:00:00-00:00,2024-04-19T03:00:00-00:00,2024-04-18,20,0,CATALYST_7_N002,CATALYST_7_N002,CATALYST_7_N002,DAM,MGHG,LMP_GHG_PRC,CATALYST_7_N002,ALL,1,0,5
2024-04-19T06:00:00-00:00,2024-04-19T07:00:00-00:00,2024-04-18,24,0,CATALYST_7_N002,CATALYST_7_N002,CATALYST_7_N002,DAM,MGHG,LMP_GHG_PRC,CATALYST_7_N002,ALL,1,0,5
2024-04-18T23:00:00-00:00,2024-04-19T00:00:00-00:00,2024-04-18,17,0,CATALYST_7_N002,CATALYST_7_N002,CATALYST_7_N002,DAM,MGHG,LMP_GHG_PRC,CATALYST_7_N002,ALL,1,0,5
2024-04-19T01:00:00-00:00,2024-04-19T02:00:00-00:00,2024-04-18,19,0,EMBRCDR_2_N104,EMBRCDR_2_N104,EMBRCDR_2_N104,DAM,LMP,LMP_PRC,EMBRCDR_2_N104,ALL,1,49.12467,6
2024-04-19T00:00:00-00:00,2024-04-19T01:00:00-00:00,2024-04-18,18,0,EMBRCDR_2_N104,EMBRCDR_2_N104,EMBRCDR_2_N104,DAM,LMP,LMP_PRC,EMBRCDR_2_N104,ALL,1,44.96139,6
2024-04-19T03:00:00-00:00,2024-04-19T04:00:00-00:00,2024-04-18,21,0,EMBRCDR_2_N104,EMBRCDR_2_N104,EMBRCDR_2_N104,DAM,LMP,LMP_PRC,EMBRCDR_2_N104,ALL,1,46.41078,6
2024-04-19T02:00:00-00:00,2024-04-19T03:00:00-00:00,2024-04-18,20,0,EMBRCDR_2_N104,EMBRCDR_2_N104,EMBRCDR_2_N104,DAM,LMP,LMP_PRC,EMBRCDR_2_N104,ALL,1,53.79372,6
2024-04-18T23:00:00-00:00,2024-04-19T00:00:00-00:00,2024-04-18,17,0,EMBRCDR_2_N104,EMBRCDR_2_N104,EMBRCDR_2_N104,DAM,LMP,LMP_PRC,EMBRCDR_2_N104,ALL,1,20.78013,6
2024-04-19T05:00:00-00:00,2024-04-19T06:00:00-00:00,2024-04-18,23,0,EMBRCDR_2_N104,EMBRCDR_2_N104,EMBRCDR_2_N104,DAM,LMP,LMP_PRC,EMBRCDR_2_N104,ALL,1,36.5618,6
2024-04-19T04:00:00-00:00,2024-04-19T05:00:00-00:00,2024-04-18,22,0,EMBRCDR_2_N104,EMBRCDR_2_N104,EMBRCDR_2_N104,DAM,LMP,LMP_PRC,EMBRCDR_2_N104,ALL,1,42.09231,6
2024-04-19T06:00:00-00:00,2024-04-19T07:00:00-00:00,2024-04-18,24,0,EMBRCDR_2_N104,EMBRCDR_2_N104,EMBRCDR_2_N104,DAM,LMP,LMP_PRC,EMBRCDR_2_N104,ALL,1,33.13693,6
2024-04-19T00:00:00-00:00,2024-04-19T01:00:00-00:00,2024-04-18,18,0,EMBRCDR_2_N104,EMBRCDR_2_N104,EMBRCDR_2_N104,DAM,MCC,LMP_CONG_PRC,EMBRCDR_2_N104,ALL,1,18.02082,7
2024-04-18T23:00:00-00:00,2024-04-19T00:00:00-00:00,2024-04-18,17,0,EMBRCDR_2_N104,EMBRCDR_2_N104,EMBRCDR_2_N104,DAM,MCC,LMP_CONG_PRC,EMBRCDR_2_N104,ALL,1,14.23037,7
2024-04-19T01:00:00-00:00,2024-04-19T02:00:00-00:00,2024-04-18,19,0,EMBRCDR_2_N104,EMBRCDR_2_N104,EMBRCDR_2_N104,DAM,MCC,LMP_CONG_PRC,EMBRCDR_2_N104,ALL,1,-0.66494,7
2024-04-19T06:00:00-00:00,2024-04-19T07:00:00-00:00,2024-04-18,24,0,EMBRCDR_2_N104,EMBRCDR_2_N104,EMBRCDR_2_N104,DAM,MCC,LMP_CONG_PRC,EMBRCDR_2_N104,ALL,1,0,7
2024-04-19T05:00:00-00:00,2024-04-19T06:00:00-00:00,2024-04-18,23,0,EMBRCDR_2_N104,EMBRCDR_2_N104,EMBRCDR_2_N104,DAM,MCC,LMP_CONG_PRC,EMBRCDR_2_N104,ALL,1,-2.05989,7
2024-04-19T02:00:00-00:00,2024-04-19T03:00:00-00:00,2024-04-18,20,0,EMBRCDR_2_N104,EMBRCDR_2_N104,EMBRCDR_2_N104,DAM,MCC,LMP_CONG_PRC,EMBRCDR_2_N104,ALL,1,-4.90326,7
2024-04-19T04:00:00-00:00,2024-04-19T05:00:00-00:00,2024-04-18,22,0,EMBRCDR_2_N104,EMBRCDR_2_N104,EMBRCDR_2_N104,DAM,MCC,LMP_CONG_PRC,EMBRCDR_2_N104,ALL,1,-3.89763,7
2024-04-19T03:00:00-00:00,2024-04-19T04:00:00-00:00,2024-04-18,21,0,EMBRCDR_2_N104,EMBRCDR_2_N104,EMBRCDR_2_N104,DAM,MCC,LMP_CONG_PRC,EMBRCDR_2_N104,ALL,1,-3.32374,7
2024-04-19T03:00:00-00:00,2024-04-19T04:00:00-00:00,2024-04-18,21,0,EMBRCDR_2_N104,EMBRCDR_2_N104,EMBRCDR_2_N104,DAM,MCE,LMP_ENE_PRC,EMBRCDR_2_N104,ALL,1,47.80326,8
2024-04-19T00:00:00-00:00,2024-04-19T01:00:00-00:00,2024-04-18,18,0,EMBRCDR_2_N104,EMBRCDR_2_N104,EMBRCDR_2_N104,DAM,MCE,LMP_ENE_PRC,EMBRCDR_2_N104,ALL,1,25.2229,8
2024-04-19T04:00:00-00:00,2024-04-19T05:00:00-00:00,2024-04-18,22,0,EMBRCDR_2_N104,EMBRCDR_2_N104,EMBRCDR_2_N104,DAM,MCE,LMP_ENE_PRC,EMBRCDR_2_N104,ALL,1,44.56821,8
2024-04-19T06:00:00-00:00,2024-04-19T07:00:00-00:00,2024-04-18,24,0,EMBRCDR_2_N104,EMBRCDR_2_N104,EMBRCDR_2_N104,DAM,MCE,LMP_ENE_PRC,EMBRCDR_2_N104,ALL,1,32.12811,8
2024-04-19T02:00:00-00:00,2024-04-19T03:00:00-00:00,2024-04-18,20,0,EMBRCDR_2_N104,EMBRCDR_2_N104,EMBRCDR_2_N104,DAM,MCE,LMP_ENE_PRC,EMBRCDR_2_N104,ALL,1,56.58086,8
2024-04-19T01:00:00-00:00,2024-04-19T02:00:00-00:00,2024-04-18,19,0,EMBRCDR_2_N104,EMBRCDR_2_N104,EMBRCDR_2_N104,DAM,MCE,LMP_ENE_PRC,EMBRCDR_2_N104,ALL,1,47.30155,8
2024-04-19T05:00:00-00:00,2024-04-19T06:00:00-00:00,2024-04-18,23,0,EMBRCDR_2_N104,EMBRCDR_2_N104,EMBRCDR_2_N104,DAM,MCE,LMP_ENE_PRC,EMBRCDR_2_N104,ALL,1,37.15053,8
2024-04-18T23:00:00-00:00,2024-04-19T00:00:00-00:00,2024-04-18,17,0,EMBRCDR_2_N104,EMBRCDR_2_N104,EMBRCDR_2_N104,DAM,MCE,LMP_ENE_PRC,EMBRCDR_2_N104,ALL,1,6.25156,8
2024-04-19T01:00:00-00:00,2024-04-19T02:00:00-00:00,2024-04-18,19,0,EMBRCDR_2_N104,EMBRCDR_2_N104,EMBRCDR_2_N104,DAM,MCL,LMP_LOSS_PRC,EMBRCDR_2_N104,ALL,1,2.48806,9
2024-04-19T00:00:00-00:00,2024-04-19T01:00:00-00:00,2024-04-18,18,0,EMBRCDR_2_N104,EMBRCDR_2_N104,EMBRCDR_2_N104,DAM,MCL,LMP_LOSS_PRC,EMBRCDR_2_N104,ALL,1,1.71768,9
2024-04-19T05:00:00-00:00,2024-04-19T06:00:00-00:00,2024-04-18,23,0,EMBRCDR_2_N104,EMBRCDR_2_N104,EMBRCDR_2_N104,DAM,MCL,LMP_LOSS_PRC,EMBRCDR_2_N104,ALL,1,1.47116,9
2024-04-18T23:00:00-00:00,2024-04-19T00:00:00-00:00,2024-04-18,17,0,EMBRCDR_2_N104,EMBRCDR_2_N104,EMBRCDR_2_N104,DAM,MCL,LMP_LOSS_PRC,EMBRCDR_2_N104,ALL,1,0.2982,9
2024-04-19T02:00:00-00:00,2024-04-19T03:00:00-00:00,2024-04-18,20,0,EMBRCDR_2_N104,EMBRCDR_2_N104,EMBRCDR_2_N104,DAM,MCL,LMP_LOSS_PRC,EMBRCDR_2_N104,ALL,1,2.11612,9
2024-04-19T04:00:00-00:00,2024-04-19T05:00:00-00:00,2024-04-18,22,0,EMBRCDR_2_N104,EMBRCDR_2_N104,EMBRCDR_2_N104,DAM,MCL,LMP_LOSS_PRC,EMBRCDR_2_N104,ALL,1,1.42173,9
2024-04-19T06:00:00-00:00,2024-04-19T07:00:00-00:00,2024-04-18,24,0,EMBRCDR_2_N104,EMBRCDR_2_N104,EMBRCDR_2_N104,DAM,MCL,LMP_LOSS_PRC,EMBRCDR_2_N104,ALL,1,1.00882,9
2024-04-19T03:00:00-00:00,2024-04-19T04:00:00-00:00,2024-04-18,21,0,EMBRCDR_2_N104,EMBRCDR_2_N104,EMBRCDR_2_N104,DAM,MCL,LMP_LOSS_PRC,EMBRCDR_2_N104,ALL,1,1.93125,9
2024-04-18T23:00:00-00:00,2024-04-19T00:00:00-00:00,2024-04-18,17,0,EMBRCDR_2_N104,EMBRCDR_2_N104,EMBRCDR_2_N104,DAM,MGHG,LMP_GHG_PRC,EMBRCDR_2_N104,ALL,1,0,10
2024-04-19T03:00:00-00:00,2024-04-19T04:00:00-00:00,2024-04-18,21,0,EMBRCDR_2_N104,EMBRCDR_2_N104,EMBRCDR_2_N104,DAM,MGHG,LMP_GHG_PRC,EMBRCDR_2_N104,ALL,1,0,10
2024-04-19T01:00:00-00:00,2024-04-19T02:00:00-00:00,2024-04-18,19,0,EMBRCDR_2_N104,EMBRCDR_2_N104,EMBRCDR_2_N104,DAM,MGHG,LMP_GHG_PRC,EMBRCDR_2_N104,ALL,1,0,10
2024-04-19T04:00:00-00:00,2024-04-19T05:00:00-00:00,2024-04-18,22,0,EMBRCDR_2_N104,EMBRCDR_2_N104,EMBRCDR_2_N104,DAM,MGHG,LMP_GHG_PRC,EMBRCDR_2_N104,ALL,1,0,10
2024-04-19T06:00:00-00:00,2024-04-19T07:00:00-00:00,2024-04-18,24,0,EMBRCDR_2_N104,EMBRCDR_2_N104,EMBRCDR_2_N104,DAM,MGHG,LMP_GHG_PRC,EMBRCDR_2_N104,ALL,1,0,10
2024-04-19T00:00:00-00:00,2024-04-19T01:00:00-00:00,2024-04-18,18,0,EMBRCDR_2_N104,EMBRCDR_2_N104,EMBRCDR_2_N104,DAM,MGHG,LMP_GHG_PRC,EMBRCDR_2_N104,ALL,1,0,10
2024-04-19T05:00:00-00:00,2024-04-19T06:00:00-00:00,2024-04-18,23,0,EMBRCDR_2_N104,EMBRCDR_2_N104,EMBRCDR_2_N104,DAM,MGHG,LMP_GHG_PRC,EMBRCDR_2_N104,ALL,1,0,10
2024-04-19T02:00:00-00:00,2024-04-19T03:00:00-00:00,2024-04-18,20,0,EMBRCDR_2_N104,EMBRCDR_2_N104,EMBRCDR_2_N104,DAM,MGHG,LMP_GHG_PRC,EMBRCDR_2_N104,ALL,1,0,10
2024-04-19T06:00:00-00:00,2024-04-19T07:00:00-00:00,2024-04-18,24,0,STATIN-L_7_N001,STATIN-L_7_N001,STATIN-L_7_N001,DAM,LMP,LMP_PRC,STATIN-L_7_N001,ALL,1,33.00842,11
2024-04-19T02:00:00-00:00,2024-04-19T03:00:00-00:00,2024-04-18,20,0,STATIN-L_7_N001,STATIN-L_7_N001,STATIN-L_7_N001,DAM,LMP,LMP_PRC,STATIN-L_7_N001,ALL,1,53.12995,11
2024-04-19T04:00:00-00:00,2024-04-19T05:00:00-00:00,2024-04-18,22,0,STATIN-L_7_N001,STATIN-L_7_N001,STATIN-L_7_N001,DAM,LMP,LMP_PRC,STATIN-L_7_N001,ALL,1,41.61543,11
2024-04-18T23:00:00-00:00,2024-04-19T00:00:00-00:00,2024-04-18,17,0,STATIN-L_7_N001,STATIN-L_7_N001,STATIN-L_7_N001,DAM,LMP,LMP_PRC,STATIN-L_7_N001,ALL,1,18.48902,11
2024-04-19T00:00:00-00:00,2024-04-19T01:00:00-00:00,2024-04-18,18,0,STATIN-L_7_N001,STATIN-L_7_N001,STATIN-L_7_N001,DAM,LMP,LMP_PRC,STATIN-L_7_N001,ALL,1,42.83504,11
2024-04-19T01:00:00-00:00,2024-04-19T02:00:00-00:00,2024-04-18,19,0,STATIN-L_7_N001,STATIN-L_7_N001,STATIN-L_7_N001,DAM,LMP,LMP_PRC,STATIN-L_7_N001,ALL,1,59.7456,11
2024-04-19T03:00:00-00:00,2024-04-19T04:00:00-00:00,2024-04-18,21,0,STATIN-L_7_N001,STATIN-L_7_N001,STATIN-L_7_N001,DAM,LMP,LMP_PRC,STATIN-L_7_N001,ALL,1,47.68558,11
2024-04-19T05:00:00-00:00,2024-04-19T06:00:00-00:00,2024-04-18,23,0,STATIN-L_7_N001,STATIN-L_7_N001,STATIN-L_7_N001,DAM,LMP,LMP_PRC,STATIN-L_7_N001,ALL,1,36.07322,11
2024-04-19T01:00:00-00:00,2024-04-19T02:00:00-00:00,2024-04-18,19,0,STATIN-L_7_N001,STATIN-L_7_N001,STATIN-L_7_N001,DAM,MCC,LMP_CONG_PRC,STATIN-L_7_N001,ALL,1,10.26344,12
2024-04-19T04:00:00-00:00,2024-04-19T05:00:00-00:00,2024-04-18,22,0,STATIN-L_7_N001,STATIN-L_7_N001,STATIN-L_7_N001,DAM,MCC,LMP_CONG_PRC,STATIN-L_7_N001,ALL,1,-3.89763,12
2024-04-19T06:00:00-00:00,2024-04-19T07:00:00-00:00,2024-04-18,24,0,STATIN-L_7_N001,STATIN-L_7_N001,STATIN-L_7_N001,DAM,MCC,LMP_CONG_PRC,STATIN-L_7_N001,ALL,1,0,12
2024-04-19T03:00:00-00:00,2024-04-19T04:00:00-00:00,2024-04-18,21,0,STATIN-L_7_N001,STATIN-L_7_N001,STATIN-L_7_N001,DAM,MCC,LMP_CONG_PRC,STATIN-L_7_N001,ALL,1,-1.55656,12
2024-04-19T05:00:00-00:00,2024-04-19T06:00:00-00:00,2024-04-18,23,0,STATIN-L_7_N001,STATIN-L_7_N001,STATIN-L_7_N001,DAM,MCC,LMP_CONG_PRC,STATIN-L_7_N001,ALL,1,-2.10637,12
2024-04-19T02:00:00-00:00,2024-04-19T03:00:00-00:00,2024-04-18,20,0,STATIN-L_7_N001,STATIN-L_7_N001,STATIN-L_7_N001,DAM,MCC,LMP_CONG_PRC,STATIN-L_7_N001,ALL,1,-4.80319,12
2024-04-19T00:00:00-00:00,2024-04-19T01:00:00-00:00,2024-04-18,18,0,STATIN-L_7_N001,STATIN-L_7_N001,STATIN-L_7_N001,DAM,MCC,LMP_CONG_PRC,STATIN-L_7_N001,ALL,1,15.64728,12
2024-04-18T23:00:00-00:00,2024-04-19T00:00:00-00:00,2024-04-18,17,0,STATIN-L_7_N001,STATIN-L_7_N001,STATIN-L_7_N001,DAM,MCC,LMP_CONG_PRC,STATIN-L_7_N001,ALL,1,11.83986,12
2024-04-19T00:00:00-00:00,2024-04-19T01:00:00-00:00,2024-04-18,18,0,STATIN-L_7_N001,STATIN-L_7_N001,STATIN-L_7_N001,DAM,MCE,LMP_ENE_PRC,STATIN-L_7_N001,ALL,1,25.2229,13
2024-04-18T23:00:00-00:00,2024-04-19T00:00:00-00:00,2024-04-18,17,0,STATIN-L_7_N001,STATIN-L_7_N001,STATIN-L_7_N001,DAM,MCE,LMP_ENE_PRC,STATIN-L_7_N001,ALL,1,6.25156,13
2024-04-19T03:00:00-00:00,2024-04-19T04:00:00-00:00,2024-04-18,21,0,STATIN-L_7_N001,STATIN-L_7_N001,STATIN-L_7_N001,DAM,MCE,LMP_ENE_PRC,STATIN-L_7_N001,ALL,1,47.80326,13
2024-04-19T04:00:00-00:00,2024-04-19T05:00:00-00:00,2024-04-18,22,0,STATIN-L_7_N001,STATIN-L_7_N001,STATIN-L_7_N001,DAM,MCE,LMP_ENE_PRC,STATIN-L_7_N001,ALL,1,44.56821,13
2024-04-19T01:00:00-00:00,2024-04-19T02:00:00-00:00,2024-04-18,19,0,STATIN-L_7_N001,STATIN-L_7_N001,STATIN-L_7_N001,DAM,MCE,LMP_ENE_PRC,STATIN-L_7_N001,ALL,1,47.30155,13
2024-04-19T05:00:00-00:00,2024-04-19T06:00:00-00:00,2024-04-18,23,0,STATIN-L_7_N001,STATIN-L_7_N001,STATIN-L_7_N001,DAM,MCE,LMP_ENE_PRC,STATIN-L_7_N001,ALL,1,37.15053,13
2024-04-19T06:00:00-00:00,2024-04-19T07:00:00-00:00,2024-04-18,24,0,STATIN-L_7_N001,STATIN-L_7_N001,STATIN-L_7_N001,DAM,MCE,LMP_ENE_PRC,STATIN-L_7_N001,ALL,1,32.12811,13
2024-04-19T02:00:00-00:00,2024-04-19T03:00:00-00:00,2024-04-18,20,0,STATIN-L_7_N001,STATIN-L_7_N001,STATIN-L_7_N001,DAM,MCE,LMP_ENE_PRC,STATIN-L_7_N001,ALL,1,56.58086,13
2024-04-19T01:00:00-00:00,2024-04-19T02:00:00-00:00,2024-04-18,19,0,STATIN-L_7_N001,STATIN-L_7_N001,STATIN-L_7_N001,DAM,MCL,LMP_LOSS_PRC,STATIN-L_7_N001,ALL,1,2.1806,14
2024-04-19T00:00:00-00:00,2024-04-19T01:00:00-00:00,2024-04-18,18,0,STATIN-L_7_N001,STATIN-L_7_N001,STATIN-L_7_N001,DAM,MCL,LMP_LOSS_PRC,STATIN-L_7_N001,ALL,1,1.96486,14
2024-04-19T06:00:00-00:00,2024-04-19T07:00:00-00:00,2024-04-18,24,0,STATIN-L_7_N001,STATIN-L_7_N001,STATIN-L_7_N001,DAM,MCL,LMP_LOSS_PRC,STATIN-L_7_N001,ALL,1,0.88031,14
2024-04-19T02:00:00-00:00,2024-04-19T03:00:00-00:00,2024-04-18,20,0,STATIN-L_7_N001,STATIN-L_7_N001,STATIN-L_7_N001,DAM,MCL,LMP_LOSS_PRC,STATIN-L_7_N001,ALL,1,1.35228,14
2024-04-18T23:00:00-00:00,2024-04-19T00:00:00-00:00,2024-04-18,17,0,STATIN-L_7_N001,STATIN-L_7_N001,STATIN-L_7_N001,DAM,MCL,LMP_LOSS_PRC,STATIN-L_7_N001,ALL,1,0.3976,14
2024-04-19T05:00:00-00:00,2024-04-19T06:00:00-00:00,2024-04-18,23,0,STATIN-L_7_N001,STATIN-L_7_N001,STATIN-L_7_N001,DAM,MCL,LMP_LOSS_PRC,STATIN-L_7_N001,ALL,1,1.02907,14
2024-04-19T04:00:00-00:00,2024-04-19T05:00:00-00:00,2024-04-18,22,0,STATIN-L_7_N001,STATIN-L_7_N001,STATIN-L_7_N001,DAM,MCL,LMP_LOSS_PRC,STATIN-L_7_N001,ALL,1,0.94485,14
2024-04-19T03:00:00-00:00,2024-04-19T04:00:00-00:00,2024-04-18,21,0,STATIN-L_7_N001,STATIN-L_7_N001,STATIN-L_7_N001,DAM,MCL,LMP_LOSS_PRC,STATIN-L_7_N001,ALL,1,1.43888,14
2024-04-19T01:00:00-00:00,2024-04-19T02:00:00-00:00,2024-04-18,19,0,STATIN-L_7_N001,STATIN-L_7_N001,STATIN-L_7_N001,DAM,MGHG,LMP_GHG_PRC,STATIN-L_7_N001,ALL,1,0,15
2024-04-19T05:00:00-00:00,2024-04-19T06:00:00-00:00,2024-04-18,23,0,STATIN-L_7_N001,STATIN-L_7_N001,STATIN-L_7_N001,DAM,MGHG,LMP_GHG_PRC,STATIN-L_7_N001,ALL,1,0,15
2024-04-18T23:00:00-00:00,2024-04-19T00:00:00-00:00,2024-04-18,17,0,STATIN-L_7_N001,STATIN-L_7_N001,STATIN-L_7_N001,DAM,MGHG,LMP_GHG_PRC,STATIN-L_7_N001,ALL,1,0,15
2024-04-19T00:00:00-00:00,2024-04-19T01:00:00-00:00,2024-04-18,18,0,STATIN-L_7_N001,STATIN-L_7_N001,STATIN-L_7_N001,DAM,MGHG,LMP_GHG_PRC,STATIN-L_7_N001,ALL,1,0,15
2024-04-19T03:00:00-00:00,2024-04-19T04:00:00-00:00,2024-04-18,21,0,STATIN-L_7_N001,STATIN-L_7_N001,STATIN-L_7_N001,DAM,MGHG,LMP_GHG_PRC,STATIN-L_7_N001,ALL,1,0,15
2024-04-19T06:00:00-00:00,2024-04-19T07:00:00-00:00,2024-04-18,24,0,STATIN-L_7_N001,STATIN-L_7_N001,STATIN-L_7_N001,DAM,MGHG,LMP_GHG_PRC,STATIN-L_7_N001,ALL,1,0,15
2024-04-19T02:00:00-00:00,2024-04-19T03:00:00-00:00,2024-04-18,20,0,STATIN-L_7_N001,STATIN-L_7_N001,STATIN-L_7_N001,DAM,MGHG,LMP_GHG_PRC,STATIN-L_7_N001,ALL,1,0,15
2024-04-19T04:00:00-00:00,2024-04-19T05:00:00-00:00,2024-04-18,22,0,STATIN-L_7_N001,STATIN-L_7_N001,STATIN-L_7_N001,DAM,MGHG,LMP_GHG_PRC,STATIN-L_7_N001,ALL,1,0,15
2024-04-19T13:00:00-00:00,2024-04-19T14:00:00-00:00,2024-04-19,7,0,CATALYST_7_N002,CATALYST_7_N002,CATALYST_7_N002,DAM,LMP,LMP_PRC,CATALYST_7_N002,ALL,1,42.73891,16
2024-04-20T05:00:00-00:00,2024-04-20T06:00:00-00:00,2024-04-19,23,0,CATALYST_7_N002,CATALYST_7_N002,CATALYST_7_N002,DAM,LMP,LMP_PRC,CATALYST_7_N002,ALL,1,37.68664,16
2024-04-19T08:00:00-00:00,2024-04-19T09:00:00-00:00,2024-04-19,2,0,CATALYST_7_N002,CATALYST_7_N002,CATALYST_7_N002,DAM,LMP,LMP_PRC,CATALYST_7_N002,ALL,1,34.65367,16
2024-04-19T09:00:00-00:00,2024-04-19T10:00:00-00:00,2024-04-19,3,0,CATALYST_7_N002,CATALYST_7_N002,CATALYST_7_N002,DAM,LMP,LMP_PRC,CATALYST_7_N002,ALL,1,34.2663,16
2024-04-19T15:00:00-00:00,2024-04-19T16:00:00-00:00,2024-04-19,9,0,CATALYST_7_N002,CATALYST_7_N002,CATALYST_7_N002,DAM,LMP,LMP_PRC,CATALYST_7_N002,ALL,1,35.39813,16
2024-04-19T18:00:00-00:00,2024-04-19T19:00:00-00:00,2024-04-19,12,0,CATALYST_7_N002,CATALYST_7_N002,CATALYST_7_N002,DAM,LMP,LMP_PRC,CATALYST_7_N002,ALL,1,18.00916,16
2024-04-20T06:00:00-00:00,2024-04-20T07:00:00-00:00,2024-04-19,24,0,CATALYST_7_N002,CATALYST_7_N002,CATALYST_7_N002,DAM,LMP,LMP_PRC,CATALYST_7_N002,ALL,1,35.43886,16
2024-04-19T21:00:00-00:00,2024-04-19T22:00:00-00:00,2024-04-19,15,0,CATALYST_7_N002,CATALYST_7_N002,CATALYST_7_N002,DAM,LMP,LMP_PRC,CATALYST_7_N002,ALL,1,8.8928,16
2024-04-19T23:00:00-00:00,2024-04-20T00:00:00-00:00,2024-04-19,17,0,CATALYST_7_N002,CATALYST_7_N002,CATALYST_7_N002,DAM,LMP,LMP_PRC,CATALYST_7_N002,ALL,1,14.02528,16
2024-04-20T01:00:00-00:00,2024-04-20T02:00:00-00:00,2024-04-19,19,0,CATALYST_7_N002,CATALYST_7_N002,CATALYST_7_N002,DAM,LMP,LMP_PRC,CATALYST_7_N002,ALL,1,37.77829,16
2024-04-20T02:00:00-00:00,2024-04-20T03:00:00-00:00,2024-04-19,20,0,CATALYST_7_N002,CATALYST_7_N002,CATALYST_7_N002,DAM,LMP,LMP_PRC,CATALYST_7_N002,ALL,1,45.35378,16
2024-04-19T20:00:00-00:00,2024-04-19T21:00:00-00:00,2024-04-19,14,0,CATALYST_7_N002,CATALYST_7_N002,CATALYST_7_N002,DAM,LMP,LMP_PRC,CATALYST_7_N002,ALL,1,7.15584,16
2024-04-19T22:00:00-00:00,2024-04-19T23:00:00-00:00,2024-04-19,16,0,CATALYST_7_N002,CATALYST_7_N002,CATALYST_7_N002,DAM,LMP,LMP_PRC,CATALYST_7_N002,ALL,1,11.56899,16
2024-04-19T07:00:00-00:00,2024-04-19T08:00:00-00:00,2024-04-19,1,0,CATALYST_7_N002,CATALYST_7_N002,CATALYST_7_N002,DAM,LMP,LMP_PRC,CATALYST_7_N002,ALL,1,35.3901,16
2024-04-19T10:00:00-00:00,2024-04-19T11:00:00-00:00,2024-04-19,4,0,CATALYST_7_N002,CATALYST_7_N002,CATALYST_7_N002,DAM,LMP,LMP_PRC,CATALYST_7_N002,ALL,1,32.58257,16
2024-04-19T12:00:00-00:00,2024-04-19T13:00:00-00:00,2024-04-19,6,0,CATALYST_7_N002,CATALYST_7_N002,CATALYST_7_N002,DAM,LMP,LMP_PRC,CATALYST_7_N002,ALL,1,39.20494,16
2024-04-19T16:00:00-00:00,2024-04-19T17:00:00-00:00,2024-04-19,10,0,CATALYST_7_N002,CATALYST_7_N002,CATALYST_7_N002,DAM,LMP,LMP_PRC,CATALYST_7_N002,ALL,1,31.55676,16
2024-04-20T03:00:00-00:00,2024-04-20T04:00:00-00:00,2024-04-19,21,0,CATALYST_7_N002,CATALYST_7_N002,CATALYST_7_N002,DAM,LMP,LMP_PRC,CATALYST_7_N002,ALL,1,45.70299,16
2024-04-19T19:00:00-00:00,2024-04-19T20:00:00-00:00,2024-04-19,13,0,CATALYST_7_N002,CATALYST_7_N002,CATALYST_7_N002,DAM,LMP,LMP_PRC,CATALYST_7_N002,ALL,1,9.12399,16
2024-04-20T00:00:00-00:00,2024-04-20T01:00:00-00:00,2024-04-19,18,0,CATALYST_7_N002,CATALYST_7_N002,CATALYST_7_N002,DAM,LMP,LMP_PRC,CATALYST_7_N002,ALL,1,20.81446,16
2024-04-19T11:00:00-00:00,2024-04-19T12:00:00-00:00,2024-04-19,5,0,CATALYST_7_N002,CATALYST_7_N002,CATALYST_7_N002,DAM,LMP,LMP_PRC,CATALYST_7_N002,ALL,1,34.78666,16
2024-04-19T14:00:00-00:00,2024-04-19T15:00:00-00:00,2024-04-19,8,0,CATALYST_7_N002,CATALYST_7_N002,CATALYST_7_N002,DAM,LMP,LMP_PRC,CATALYST_7_N002,ALL,1,39.44117,16
2024-04-20T04:00:00-00:00,2024-04-20T05:00:00-00:00,2024-04-19,22,0,CATALYST_7_N002,CATALYST_7_N002,CATALYST_7_N002,DAM,LMP,LMP_PRC,CATALYST_7_N002,ALL,1,42.6191,16
2024-04-19T17:00:00-00:00,2024-04-19T18:00:00-00:00,2024-04-19,11,0,CATALYST_7_N002,CATALYST_7_N002,CATALYST_7_N002,DAM,LMP,LMP_PRC,CATALYST_7_N002,ALL,1,18.87598,16
2024-04-19T15:00:00-00:00,2024-04-19T16:00:00-00:00,2024-04-19,9,0,CATALYST_7_N002,CATALYST_7_N002,CATALYST_7_N002,DAM,MCC,LMP_CONG_PRC,CATALYST_7_N002,ALL,1,28.34583,17
2024-04-19T23:00:00-00:00,2024-04-20T00:00:00-00:00,2024-04-19,17,0,CATALYST_7_N002,CATALYST_7_N002,CATALYST_7_N002,DAM,MCC,LMP_CONG_PRC,CATALYST_7_N002,ALL,1,24.2956,17
2024-04-19T18:00:00-00:00,2024-04-19T19:00:00-00:00,2024-04-19,12,0,CATALYST_7_N002,CATALYST_7_N002,CATALYST_7_N002,DAM,MCC,LMP_CONG_PRC,CATALYST_7_N002,ALL,1,27.18756,17
2024-04-19T07:00:00-00:00,2024-04-19T08:00:00-00:00,2024-04-19,1,0,CATALYST_7_N002,CATALYST_7_N002,CATALYST_7_N002,DAM,MCC,LMP_CONG_PRC,CATALYST_7_N002,ALL,1,2.41145,17
2024-04-19T22:00:00-00:00,2024-04-19T23:00:00-00:00,2024-04-19,16,0,CATALYST_7_N002,CATALYST_7_N002,CATALYST_7_N002,DAM,MCC,LMP_CONG_PRC,CATALYST_7_N002,ALL,1,29.0063,17
2024-04-20T00:00:00-00:00,2024-04-20T01:00:00-00:00,2024-04-19,18,0,CATALYST_7_N002,CATALYST_7_N002,CATALYST_7_N002,DAM,MCC,LMP_CONG_PRC,CATALYST_7_N002,ALL,1,17.62715,17
2024-04-19T16:00:00-00:00,2024-04-19T17:00:00-00:00,2024-04-19,10,0,CATALYST_7_N002,CATALYST_7_N002,CATALYST_7_N002,DAM,MCC,LMP_CONG_PRC,CATALYST_7_N002,ALL,1,24.85665,17
2024-04-19T13:00:00-00:00,2024-04-19T14:00:00-00:00,2024-04-19,7,0,CATALYST_7_N002,CATALYST_7_N002,CATALYST_7_N002,DAM,MCC,LMP_CONG_PRC,CATALYST_7_N002,ALL,1,0,17
2024-04-19T08:00:00-00:00,2024-04-19T09:00:00-00:00,2024-04-19,2,0,CATALYST_7_N002,CATALYST_7_N002,CATALYST_7_N002,DAM,MCC,LMP_CONG_PRC,CATALYST_7_N002,ALL,1,1.22455,17
2024-04-20T06:00:00-00:00,2024-04-20T07:00:00-00:00,2024-04-19,24,0,CATALYST_7_N002,CATALYST_7_N002,CATALYST_7_N002,DAM,MCC,LMP_CONG_PRC,CATALYST_7_N002,ALL,1,0,17
2024-04-19T20:00:00-00:00,2024-04-19T21:00:00-00:00,2024-04-19,14,0,CATALYST_7_N002,CATALYST_7_N002,CATALYST_7_N002,DAM,MCC,LMP_CONG_PRC,CATALYST_7_N002,ALL,1,26.20447,17
2024-04-20T04:00:00-00:00,2024-04-20T05:00:00-00:00,2024-04-19,22,0,CATALYST_7_N002,CATALYST_7_N002,CATALYST_7_N002,DAM,MCC,LMP_CONG_PRC,CATALYST_7_N002,ALL,1,0,17
2024-04-20T01:00:00-00:00,2024-04-20T02:00:00-00:00,2024-04-19,19,0,CATALYST_7_N002,CATALYST_7_N002,CATALYST_7_N002,DAM,MCC,LMP_CONG_PRC,CATALYST_7_N002,ALL,1,0,17
2024-04-19T19:00:00-00:00,2024-04-19T20:00:00-00:00,2024-04-19,13,0,CATALYST_7_N002,CATALYST_7_N002,CATALYST_7_N002,DAM,MCC,LMP_CONG_PRC,CATALYST_7_N002,ALL,1,24.27788,17
2024-04-19T17:00:00-00:00,2024-04-19T18:00:00-00:00,2024-04-19,11,0,CATALYST_7_N002,CATALYST_7_N002,CATALYST_7_N002,DAM,MCC,LMP_CONG_PRC,CATALYST_7_N002,ALL,1,25.0645,17
2024-04-19T12:00:00-00:00,2024-04-19T13:00:00-00:00,2024-04-19,6,0,CATALYST_7_N002,CATALYST_7_N002,CATALYST_7_N002,DAM,MCC,LMP_CONG_PRC,CATALYST_7_N002,ALL,1,0,17
2024-04-19T09:00:00-00:00,2024-04-19T10:00:00-00:00,2024-04-19,3,0,CATALYST_7_N002,CATALYST_7_N002,CATALYST_7_N002,DAM,MCC,LMP_CONG_PRC,CATALYST_7_N002,ALL,1,1.63612,17
2024-04-19T10:00:00-00:00,2024-04-19T11:00:00-00:00,2024-04-19,4,0,CATALYST_7_N002,CATALYST_7_N002,CATALYST_7_N002,DAM,MCC,LMP_CONG_PRC,CATALYST_7_N002,ALL,1,0,17
2024-04-19T21:00:00-00:00,2024-04-19T22:00:00-00:00,2024-04-19,15,0,CATALYST_7_N002,CATALYST_7_N002,CATALYST_7_N002,DAM,MCC,LMP_CONG_PRC,CATALYST_7_N002,ALL,1,29.4739,17
2024-04-19T14:00:00-00:00,2024-04-19T15:00:00-00:00,2024-04-19,8,0,CATALYST_7_N002,CATALYST_7_N002,CATALYST_7_N002,DAM,MCC,LMP_CONG_PRC,CATALYST_7_N002,ALL,1,9.00775,17
2024-04-19T11:00:00-00:00,2024-04-19T12:00:00-00:00,2024-04-19,5,0,CATALYST_7_N002,CATALYST_7_N002,CATALYST_7_N002,DAM,MCC,LMP_CONG_PRC,CATALYST_7_N002,ALL,1,0,17
2024-04-20T05:00:00-00:00,2024-04-20T06:00:00-00:00,2024-04-19,23,0,CATALYST_7_N002,CATALYST_7_N002,CATALYST_7_N002,DAM,MCC,LMP_CONG_PRC,CATALYST_7_N002,ALL,1,0,17
2024-04-20T03:00:00-00:00,2024-04-20T04:00:00-00:00,2024-04-19,21,0,CATALYST_7_N002,CATALYST_7_N002,CATALYST_7_N002,DAM,MCC,LMP_CONG_PRC,CATALYST_7_N002,ALL,1,0,17
2024-04-20T02:00:00-00:00,2024-04-20T03:00:00-00:00,2024-04-19,20,0,CATALYST_7_N002,CATALYST_7_N002,CATALYST_7_N002,DAM,MCC,LMP_CONG_PRC,CATALYST_7_N002,ALL,1,0,17
2024-04-19T11:00:00-00:00,2024-04-19T12:00:00-00:00,2024-04-19,5,0,CATALYST_7_N002,CATALYST_7_N002,CATALYST_7_N002,DAM,MCE,LMP_ENE_PRC,CATALYST_7_N002,ALL,1,33.85892,18
2024-04-19T10:00:00-00:00,2024-04-19T11:00:00-00:00,2024-04-19,4,0,CATALYST_7_N002,CATALYST_7_N002,CATALYST_7_N002,DAM,MCE,LMP_ENE_PRC,CATALYST_7_N002,ALL,1,31.68586,18
2024-04-19T20:00:00-00:00,2024-04-19T21:00:00-00:00,2024-04-19,14,0,CATALYST_7_N002,CATALYST_7_N002,CATALYST_7_N002,DAM,MCE,LMP_ENE_PRC,CATALYST_7_N002,ALL,1,-18.35482,18
2024-04-20T04:00:00-00:00,2024-04-20T05:00:00-00:00,2024-04-19,22,0,CATALYST_7_N002,CATALYST_7_N002,CATALYST_7_N002,DAM,MCE,LMP_ENE_PRC,CATALYST_7_N002,ALL,1,41.80392,18
2024-04-20T06:00:00-00:00,2024-04-20T07:00:00-00:00,2024-04-19,24,0,CATALYST_7_N002,CATALYST_7_N002,CATALYST_7_N002,DAM,MCE,LMP_ENE_PRC,CATALYST_7_N002,ALL,1,34.81908,18
2024-04-19T22:00:00-00:00,2024-04-19T23:00:00-00:00,2024-04-19,16,0,CATALYST_7_N002,CATALYST_7_N002,CATALYST_7_N002,DAM,MCE,LMP_ENE_PRC,CATALYST_7_N002,ALL,1,-16.82814,18
2024-04-19T21:00:00-00:00,2024-04-19T22:00:00-00:00,2024-04-19,15,0,CATALYST_7_N002,CATALYST_7_N002,CATALYST_7_N002,DAM,MCE,LMP_ENE_PRC,CATALYST_7_N002,ALL,1,-19.9159,18
2024-04-19T12:00:00-00:00,2024-04-19T13:00:00-00:00,2024-04-19,6,0,CATALYST_7_N002,CATALYST_7_N002,CATALYST_7_N002,DAM,MCE,LMP_ENE_PRC,CATALYST_7_N002,ALL,1,38.2786,18
2024-04-19T18:00:00-00:00,2024-04-19T19:00:00-00:00,2024-04-19,12,0,CATALYST_7_N002,CATALYST_7_N002,CATALYST_7_N002,DAM,MCE,LMP_ENE_PRC,CATALYST_7_N002,ALL,1,-9.1784,18
2024-04-19T09:00:00-00:00,2024-04-19T10:00:00-00:00,2024-04-19,3,0,CATALYST_7_N002,CATALYST_7_N002,CATALYST_7_N002,DAM,MCE,LMP_ENE_PRC,CATALYST_7_N002,ALL,1,31.66135,18
2024-04-20T00:00:00-00:00,2024-04-20T01:00:00-00:00,2024-04-19,18,0,CATALYST_7_N002,CATALYST_7_N002,CATALYST_7_N002,DAM,MCE,LMP_ENE_PRC,CATALYST_7_N002,ALL,1,3.03092,18
2024-04-19T23:00:00-00:00,2024-04-20T00:00:00-00:00,2024-04-19,17,0,CATALYST_7_N002,CATALYST_7_N002,CATALYST_7_N002,DAM,MCE,LMP_ENE_PRC,CATALYST_7_N002,ALL,1,-9.79993,18
2024-04-19T07:00:00-00:00,2024-04-19T08:00:00-00:00,2024-04-19,1,0,CATALYST_7_N002,CATALYST_7_N002,CATALYST_7_N002,DAM,MCE,LMP_ENE_PRC,CATALYST_7_N002,ALL,1,31.92512,18
2024-04-19T19:00:00-00:00,2024-04-19T20:00:00-00:00,2024-04-19,13,0,CATALYST_7_N002,CATALYST_7_N002,CATALYST_7_N002,DAM,MCE,LMP_ENE_PRC,CATALYST_7_N002,ALL,1,-14.59771,18
2024-04-19T14:00:00-00:00,2024-04-19T15:00:00-00:00,2024-04-19,8,0,CATALYST_7_N002,CATALYST_7_N002,CATALYST_7_N002,DAM,MCE,LMP_ENE_PRC,CATALYST_7_N002,ALL,1,29.29106,18
2024-04-19T13:00:00-00:00,2024-04-19T14:00:00-00:00,2024-04-19,7,0,CATALYST_7_N002,CATALYST_7_N002,CATALYST_7_N002,DAM,MCE,LMP_ENE_PRC,CATALYST_7_N002,ALL,1,41.61935,18
2024-04-20T03:00:00-00:00,2024-04-20T04:00:00-00:00,2024-04-19,21,0,CATALYST_7_N002,CATALYST_7_N002,CATALYST_7_N002,DAM,MCE,LMP_ENE_PRC,CATALYST_7_N002,ALL,1,44.75859,18
2024-04-20T02:00:00-00:00,2024-04-20T03:00:00-00:00,2024-04-19,20,0,CATALYST_7_N002,CATALYST_7_N002,CATALYST_7_N002,DAM,MCE,LMP_ENE_PRC,CATALYST_7_N002,ALL,1,44.42094,18
2024-04-20T01:00:00-00:00,2024-04-20T02:00:00-00:00,2024-04-19,19,0,CATALYST_7_N002,CATALYST_7_N002,CATALYST_7_N002,DAM,MCE,LMP_ENE_PRC,CATALYST_7_N002,ALL,1,36.93976,18
2024-04-20T05:00:00-00:00,2024-04-20T06:00:00-00:00,2024-04-19,23,0,CATALYST_7_N002,CATALYST_7_N002,CATALYST_7_N002,DAM,MCE,LMP_ENE_PRC,CATALYST_7_N002,ALL,1,37.00937,18
2024-04-19T17:00:00-00:00,2024-04-19T18:00:00-00:00,2024-04-19,11,0,CATALYST_7_N002,CATALYST_7_N002,CATALYST_7_N002,DAM,MCE,LMP_ENE_PRC,CATALYST_7_N002,ALL,1,-5.95279,18
2024-04-19T15:00:00-00:00,2024-04-19T16:00:00-00:00,2024-04-19,9,0,CATALYST_7_N002,CATALYST_7_N002,CATALYST_7_N002,DAM,MCE,LMP_ENE_PRC,CATALYST_7_N002,ALL,1,6.74152,18
2024-04-19T08:00:00-00:00,2024-04-19T09:00:00-00:00,2024-04-19,2,0,CATALYST_7_N002,CATALYST_7_N002,CATALYST_7_N002,DAM,MCE,LMP_ENE_PRC,CATALYST_7_N002,ALL,1,32.38314,18
2024-04-19T16:00:00-00:00,2024-04-19T17:00:00-00:00,2024-04-19,10,0,CATALYST_7_N002,CATALYST_7_N002,CATALYST_7_N002,DAM,MCE,LMP_ENE_PRC,CATALYST_7_N002,ALL,1,6.44365,18
2024-04-19T10:00:00-00:00,2024-04-19T11:00:00-00:00,2024-04-19,4,0,CATALYST_7_N002,CATALYST_7_N002,CATALYST_7_N002,DAM,MCL,LMP_LOSS_PRC,CATALYST_7_N002,ALL,1,0.89671,19
2024-04-19T20:00:00-00:00,2024-04-19T21:00:00-00:00,2024-04-19,14,0,CATALYST_7_N002,CATALYST_7_N002,CATALYST_7_N002,DAM,MCL,LMP_LOSS_PRC,CATALYST_7_N002,ALL,1,-0.69381,19
2024-04-19T21:00:00-00:00,2024-04-19T22:00:00-00:00,2024-04-19,15,0,CATALYST_7_N002,CATALYST_7_N002,CATALYST_7_N002,DAM,MCL,LMP_LOSS_PRC,CATALYST_7_N002,ALL,1,-0.66519,19
2024-04-19T07:00:00-00:00,2024-04-19T08:00:00-00:00,2024-04-19,1,0,CATALYST_7_N002,CATALYST_7_N002,CATALYST_7_N002,DAM,MCL,LMP_LOSS_PRC,CATALYST_7_N002,ALL,1,1.05353,19
2024-04-19T11:00:00-00:00,2024-04-19T12:00:00-00:00,2024-04-19,5,0,CATALYST_7_N002,CATALYST_7_N002,CATALYST_7_N002,DAM,MCL,LMP_LOSS_PRC,CATALYST_7_N002,ALL,1,0.92773,19
2024-04-19T15:00:00-00:00,2024-04-19T16:00:00-00:00,2024-04-19,9,0,CATALYST_7_N002,CATALYST_7_N002,CATALYST_7_N002,DAM,MCL,LMP_LOSS_PRC,CATALYST_7_N002,ALL,1,0.31078,19
2024-04-19T16:00:00-00:00,2024-04-19T17:00:00-00:00,2024-04-19,10,0,CATALYST_7_N002,CATALYST_7_N002,CATALYST_7_N002,DAM,MCL,LMP_LOSS_PRC,CATALYST_7_N002,ALL,1,0.25646,19
2024-04-19T18:00:00-00:00,2024-04-19T19:00:00-00:00,2024-04-19,12,0,CATALYST_7_N002,CATALYST_7_N002,CATALYST_7_N002,DAM,MCL,LMP_LOSS_PRC,CATALYST_7_N002,ALL,1,0,19
2024-04-19T12:00:00-00:00,2024-04-19T13:00:00-00:00,2024-04-19,6,0,CATALYST_7_N002,CATALYST_7_N002,CATALYST_7_N002,DAM,MCL,LMP_LOSS_PRC,CATALYST_7_N002,ALL,1,0.92634,19
2024-04-19T19:00:00-00:00,2024-04-19T20:00:00-00:00,2024-04-19,13,0,CATALYST_7_N002,CATALYST_7_N002,CATALYST_7_N002,DAM,MCL,LMP_LOSS_PRC,CATALYST_7_N002,ALL,1,-0.55617,19
2024-04-20T01:00:00-00:00,2024-04-20T02:00:00-00:00,2024-04-19,19,0,CATALYST_7_N002,CATALYST_7_N002,CATALYST_7_N002,DAM,MCL,LMP_LOSS_PRC,CATALYST_7_N002,ALL,1,0.83853,19
2024-04-20T02:00:00-00:00,2024-04-20T03:00:00-00:00,2024-04-19,20,0,CATALYST_7_N002,CATALYST_7_N002,CATALYST_7_N002,DAM,MCL,LMP_LOSS_PRC,CATALYST_7_N002,ALL,1,0.93284,19
2024-04-19T14:00:00-00:00,2024-04-19T15:00:00-00:00,2024-04-19,8,0,CATALYST_7_N002,CATALYST_7_N002,CATALYST_7_N002,DAM,MCL,LMP_LOSS_PRC,CATALYST_7_N002,ALL,1,1.14235,19
2024-04-19T23:00:00-00:00,2024-04-20T00:00:00-00:00,2024-04-19,17,0,CATALYST_7_N002,CATALYST_7_N002,CATALYST_7_N002,DAM,MCL,LMP_LOSS_PRC,CATALYST_7_N002,ALL,1,-0.4704,19
2024-04-20T05:00:00-00:00,2024-04-20T06:00:00-00:00,2024-04-19,23,0,CATALYST_7_N002,CATALYST_7_N002,CATALYST_7_N002,DAM,MCL,LMP_LOSS_PRC,CATALYST_7_N002,ALL,1,0.67727,19
2024-04-19T09:00:00-00:00,2024-04-19T10:00:00-00:00,2024-04-19,3,0,CATALYST_7_N002,CATALYST_7_N002,CATALYST_7_N002,DAM,MCL,LMP_LOSS_PRC,CATALYST_7_N002,ALL,1,0.96884,19
2024-04-19T17:00:00-00:00,2024-04-19T18:00:00-00:00,2024-04-19,11,0,CATALYST_7_N002,CATALYST_7_N002,CATALYST_7_N002,DAM,MCL,LMP_LOSS_PRC,CATALYST_7_N002,ALL,1,-0.23573,19
2024-04-20T03:00:00-00:00,2024-04-20T04:00:00-00:00,2024-04-19,21,0,CATALYST_7_N002,CATALYST_7_N002,CATALYST_7_N002,DAM,MCL,LMP_LOSS_PRC,CATALYST_7_N002,ALL,1,0.94441,19
2024-04-20T00:00:00-00:00,2024-04-20T01:00:00-00:00,2024-04-19,18,0,CATALYST_7_N002,CATALYST_7_N002,CATALYST_7_N002,DAM,MCL,LMP_LOSS_PRC,CATALYST_7_N002,ALL,1,0.1564,19
2024-04-19T08:00:00-00:00,2024-04-19T09:00:00-00:00,2024-04-19,2,0,CATALYST_7_N002,CATALYST_7_N002,CATALYST_7_N002,DAM,MCL,LMP_LOSS_PRC,CATALYST_7_N002,ALL,1,1.04598,19
2024-04-19T13:00:00-00:00,2024-04-19T14:00:00-00:00,2024-04-19,7,0,CATALYST_7_N002,CATALYST_7_N002,CATALYST_7_N002,DAM,MCL,LMP_LOSS_PRC,CATALYST_7_N002,ALL,1,1.11956,19
2024-04-19T22:00:00-00:00,2024-04-19T23:00:00-00:00,2024-04-19,16,0,CATALYST_7_N002,CATALYST_7_N002,CATALYST_7_N002,DAM,MCL,LMP_LOSS_PRC,CATALYST_7_N002,ALL,1,-0.60918,19
2024-04-20T04:00:00-00:00,2024-04-20T05:00:00-00:00,2024-04-19,22,0,CATALYST_7_N002,CATALYST_7_N002,CATALYST_7_N002,DAM,MCL,LMP_LOSS_PRC,CATALYST_7_N002,ALL,1,0.81518,19
2024-04-20T06:00:00-00:00,2024-04-20T07:00:00-00:00,2024-04-19,24,0,CATALYST_7_N002,CATALYST_7_N002,CATALYST_7_N002,DAM,MCL,LMP_LOSS_PRC,CATALYST_7_N002,ALL,1,0.61978,19
2024-04-19T16:00:00-00:00,2024-04-19T17:00:00-00:00,2024-04-19,10,0,CATALYST_7_N002,CATALYST_7_N002,CATALYST_7_N002,DAM,MGHG,LMP_GHG_PRC,CATALYST_7_N002,ALL,1,0,20
2024-04-20T02:00:00-00:00,2024-04-20T03:00:00-00:00,2024-04-19,20,0,CATALYST_7_N002,CATALYST_7_N002,CATALYST_7_N002,DAM,MGHG,LMP_GHG_PRC,CATALYST_7_N002,ALL,1,0,20
2024-04-20T03:00:00-00:00,2024-04-20T04:00:00-00:00,2024-04-19,21,0,CATALYST_7_N002,CATALYST_7_N002,CATALYST_7_N002,DAM,MGHG,LMP_GHG_PRC,CATALYST_7_N002,ALL,1,0,20
2024-04-20T05:00:00-00:00,2024-04-20T06:00:00-00:00,2024-04-19,23,0,CATALYST_7_N002,CATALYST_7_N002,CATALYST_7_N002,DAM,MGHG,LMP_GHG_PRC,CATALYST_7_N002,ALL,1,0,20
2024-04-19T13:00:00-00:00,2024-04-19T14:00:00-00:00,2024-04-19,7,0,CATALYST_7_N002,CATALYST_7_N002,CATALYST_7_N002,DAM,MGHG,LMP_GHG_PRC,CATALYST_7_N002,ALL,1,0,20
2024-04-19T18:00:00-00:00,2024-04-19T19:00:00-00:00,2024-04-19,12,0,CATALYST_7_N002,CATALYST_7_N002,CATALYST_7_N002,DAM,MGHG,LMP_GHG_PRC,CATALYST_7_N002,ALL,1,0,20
2024-04-20T01:00:00-00:00,2024-04-20T02:00:00-00:00,2024-04-19,19,0,CATALYST_7_N002,CATALYST_7_N002,CATALYST_7_N002,DAM,MGHG,LMP_GHG_PRC,CATALYST_7_N002,ALL,1,0,20
2024-04-19T09:00:00-00:00,2024-04-19T10:00:00-00:00,2024-04-19,3,0,CATALYST_7_N002,CATALYST_7_N002,CATALYST_7_N002,DAM,MGHG,LMP_GHG_PRC,CATALYST_7_N002,ALL,1,0,20
2024-04-19T08:00:00-00:00,2024-04-19T09:00:00-00:00,2024-04-19,2,0,CATALYST_7_N002,CATALYST_7_N002,CATALYST_7_N002,DAM,MGHG,LMP_GHG_PRC,CATALYST_7_N002,ALL,1,0,20
2024-04-19T20:00:00-00:00,2024-04-19T21:00:00-00:00,2024-04-19,14,0,CATALYST_7_N002,CATALYST_7_N002,CATALYST_7_N002,DAM,MGHG,LMP_GHG_PRC,CATALYST_7_N002,ALL,1,0,20
2024-04-19T07:00:00-00:00,2024-04-19T08:00:00-00:00,2024-04-19,1,0,CATALYST_7_N002,CATALYST_7_N002,CATALYST_7_N002,DAM,MGHG,LMP_GHG_PRC,CATALYST_7_N002,ALL,1,0,20
2024-04-19T10:00:00-00:00,2024-04-19T11:00:00-00:00,2024-04-19,4,0,CATALYST_7_N002,CATALYST_7_N002,CATALYST_7_N002,DAM,MGHG,LMP_GHG_PRC,CATALYST_7_N002,ALL,1,0,20
2024-04-19T11:00:00-00:00,2024-04-19T12:00:00-00:00,2024-04-19,5,0,CATALYST_7_N002,CATALYST_7_N002,CATALYST_7_N002,DAM,MGHG,LMP_GHG_PRC,CATALYST_7_N002,ALL,1,0,20
2024-04-19T12:00:00-00:00,2024-04-19T13:00:00-00:00,2024-04-19,6,0,CATALYST_7_N002,CATALYST_7_N002,CATALYST_7_N002,DAM,MGHG,LMP_GHG_PRC,CATALYST_7_N002,ALL,1,0,20
2024-04-19T14:00:00-00:00,2024-04-19T15:00:00-00:00,2024-04-19,8,0,CATALYST_7_N002,CATALYST_7_N002,CATALYST_7_N002,DAM,MGHG,LMP_GHG_PRC,CATALYST_7_N002,ALL,1,0,20
2024-04-19T17:00:00-00:00,2024-04-19T18:00:00-00:00,2024-04-19,11,0,CATALYST_7_N002,CATALYST_7_N002,CATALYST_7_N002,DAM,MGHG,LMP_GHG_PRC,CATALYST_7_N002,ALL,1,0,20
2024-04-20T00:00:00-00:00,2024-04-20T01:00:00-00:00,2024-04-19,18,0,CATALYST_7_N002,CATALYST_7_N002,CATALYST_7_N002,DAM,MGHG,LMP_GHG_PRC,CATALYST_7_N002,ALL,1,0,20
2024-04-19T15:00:00-00:00,2024-04-19T16:00:00-00:00,2024-04-19,9,0,CATALYST_7_N002,CATALYST_7_N002,CATALYST_7_N002,DAM,MGHG,LMP_GHG_PRC,CATALYST_7_N002,ALL,1,0,20
2024-04-19T19:00:00-00:00,2024-04-19T20:00:00-00:00,2024-04-19,13,0,CATALYST_7_N002,CATALYST_7_N002,CATALYST_7_N002,DAM,MGHG,LMP_GHG_PRC,CATALYST_7_N002,ALL,1,0,20
2024-04-20T04:00:00-00:00,2024-04-20T05:00:00-00:00,2024-04-19,22,0,CATALYST_7_N002,CATALYST_7_N002,CATALYST_7_N002,DAM,MGHG,LMP_GHG_PRC,CATALYST_7_N002,ALL,1,0,20
2024-04-20T06:00:00-00:00,2024-04-20T07:00:00-00:00,2024-04-19,24,0,CATALYST_7_N002,CATALYST_7_N002,CATALYST_7_N002,DAM,MGHG,LMP_GHG_PRC,CATALYST_7_N002,ALL,1,0,20
2024-04-19T21:00:00-00:00,2024-04-19T22:00:00-00:00,2024-04-19,15,0,CATALYST_7_N002,CATALYST_7_N002,CATALYST_7_N002,DAM,MGHG,LMP_GHG_PRC,CATALYST_7_N002,ALL,1,0,20
2024-04-19T23:00:00-00:00,2024-04-20T00:00:00-00:00,2024-04-19,17,0,CATALYST_7_N002,CATALYST_7_N002,CATALYST_7_N002,DAM,MGHG,LMP_GHG_PRC,CATALYST_7_N002,ALL,1,0,20
2024-04-19T22:00:00-00:00,2024-04-19T23:00:00-00:00,2024-04-19,16,0,CATALYST_7_N002,CATALYST_7_N002,CATALYST_7_N002,DAM,MGHG,LMP_GHG_PRC,CATALYST_7_N002,ALL,1,0,20
2024-04-20T06:00:00-00:00,2024-04-20T07:00:00-00:00,2024-04-19,24,0,EMBRCDR_2_N104,EMBRCDR_2_N104,EMBRCDR_2_N104,DAM,LMP,LMP_PRC,EMBRCDR_2_N104,ALL,1,35.57814,21
2024-04-19T18:00:00-00:00,2024-04-19T19:00:00-00:00,2024-04-19,12,0,EMBRCDR_2_N104,EMBRCDR_2_N104,EMBRCDR_2_N104,DAM,LMP,LMP_PRC,EMBRCDR_2_N104,ALL,1,12.63758,21
2024-04-19T15:00:00-00:00,2024-04-19T16:00:00-00:00,2024-04-19,9,0,EMBRCDR_2_N104,EMBRCDR_2_N104,EMBRCDR_2_N104,DAM,LMP,LMP_PRC,EMBRCDR_2_N104,ALL,1,31.7107,21
2024-04-19T16:00:00-00:00,2024-04-19T17:00:00-00:00,2024-04-19,10,0,EMBRCDR_2_N104,EMBRCDR_2_N104,EMBRCDR_2_N104,DAM,LMP,LMP_PRC,EMBRCDR_2_N104,ALL,1,26.91692,21
2024-04-19T23:00:00-00:00,2024-04-20T00:00:00-00:00,2024-04-19,17,0,EMBRCDR_2_N104,EMBRCDR_2_N104,EMBRCDR_2_N104,DAM,LMP,LMP_PRC,EMBRCDR_2_N104,ALL,1,10.02531,21
2024-04-20T01:00:00-00:00,2024-04-20T02:00:00-00:00,2024-04-19,19,0,EMBRCDR_2_N104,EMBRCDR_2_N104,EMBRCDR_2_N104,DAM,LMP,LMP_PRC,EMBRCDR_2_N104,ALL,1,37.93343,21
2024-04-19T07:00:00-00:00,2024-04-19T08:00:00-00:00,2024-04-19,1,0,EMBRCDR_2_N104,EMBRCDR_2_N104,EMBRCDR_2_N104,DAM,LMP,LMP_PRC,EMBRCDR_2_N104,ALL,1,35.62681,21
2024-04-19T08:00:00-00:00,2024-04-19T09:00:00-00:00,2024-04-19,2,0,EMBRCDR_2_N104,EMBRCDR_2_N104,EMBRCDR_2_N104,DAM,LMP,LMP_PRC,EMBRCDR_2_N104,ALL,1,34.77859,21
2024-04-19T09:00:00-00:00,2024-04-19T10:00:00-00:00,2024-04-19,3,0,EMBRCDR_2_N104,EMBRCDR_2_N104,EMBRCDR_2_N104,DAM,LMP,LMP_PRC,EMBRCDR_2_N104,ALL,1,34.39829,21
2024-04-19T11:00:00-00:00,2024-04-19T12:00:00-00:00,2024-04-19,5,0,EMBRCDR_2_N104,EMBRCDR_2_N104,EMBRCDR_2_N104,DAM,LMP,LMP_PRC,EMBRCDR_2_N104,ALL,1,34.93225,21
2024-04-19T12:00:00-00:00,2024-04-19T13:00:00-00:00,2024-04-19,6,0,EMBRCDR_2_N104,EMBRCDR_2_N104,EMBRCDR_2_N104,DAM,LMP,LMP_PRC,EMBRCDR_2_N104,ALL,1,39.35422,21
2024-04-19T20:00:00-00:00,2024-04-19T21:00:00-00:00,2024-04-19,14,0,EMBRCDR_2_N104,EMBRCDR_2_N104,EMBRCDR_2_N104,DAM,LMP,LMP_PRC,EMBRCDR_2_N104,ALL,1,3.1332,21
2024-04-20T04:00:00-00:00,2024-04-20T05:00:00-00:00,2024-04-19,22,0,EMBRCDR_2_N104,EMBRCDR_2_N104,EMBRCDR_2_N104,DAM,LMP,LMP_PRC,EMBRCDR_2_N104,ALL,1,42.8532,21
2024-04-19T14:00:00-00:00,2024-04-19T15:00:00-00:00,2024-04-19,8,0,EMBRCDR_2_N104,EMBRCDR_2_N104,EMBRCDR_2_N104,DAM,LMP,LMP_PRC,EMBRCDR_2_N104,ALL,1,39.56734,21
2024-04-19T19:00:00-00:00,2024-04-19T20:00:00-00:00,2024-04-19,13,0,EMBRCDR_2_N104,EMBRCDR_2_N104,EMBRCDR_2_N104,DAM,LMP,LMP_PRC,EMBRCDR_2_N104,ALL,1,4.91911,21
2024-04-20T00:00:00-00:00,2024-04-20T01:00:00-00:00,2024-04-19,18,0,EMBRCDR_2_N104,EMBRCDR_2_N104,EMBRCDR_2_N104,DAM,LMP,LMP_PRC,EMBRCDR_2_N104,ALL,1,17.07052,21
2024-04-19T10:00:00-00:00,2024-04-19T11:00:00-00:00,2024-04-19,4,0,EMBRCDR_2_N104,EMBRCDR_2_N104,EMBRCDR_2_N104,DAM,LMP,LMP_PRC,EMBRCDR_2_N104,ALL,1,32.69031,21
2024-04-19T17:00:00-00:00,2024-04-19T18:00:00-00:00,2024-04-19,11,0,EMBRCDR_2_N104,EMBRCDR_2_N104,EMBRCDR_2_N104,DAM,LMP,LMP_PRC,EMBRCDR_2_N104,ALL,1,14.69344,21
2024-04-19T21:00:00-00:00,2024-04-19T22:00:00-00:00,2024-04-19,15,0,EMBRCDR_2_N104,EMBRCDR_2_N104,EMBRCDR_2_N104,DAM,LMP,LMP_PRC,EMBRCDR_2_N104,ALL,1,4.52875,21
2024-04-20T03:00:00-00:00,2024-04-20T04:00:00-00:00,2024-04-19,21,0,EMBRCDR_2_N104,EMBRCDR_2_N104,EMBRCDR_2_N104,DAM,LMP,LMP_PRC,EMBRCDR_2_N104,ALL,1,45.95812,21
2024-04-19T13:00:00-00:00,2024-04-19T14:00:00-00:00,2024-04-19,7,0,EMBRCDR_2_N104,EMBRCDR_2_N104,EMBRCDR_2_N104,DAM,LMP,LMP_PRC,EMBRCDR_2_N104,ALL,1,42.74307,21
2024-04-19T22:00:00-00:00,2024-04-19T23:00:00-00:00,2024-04-19,16,0,EMBRCDR_2_N104,EMBRCDR_2_N104,EMBRCDR_2_N104,DAM,LMP,LMP_PRC,EMBRCDR_2_N104,ALL,1,7.53705,21
2024-04-20T02:00:00-00:00,2024-04-20T03:00:00-00:00,2024-04-19,20,0,EMBRCDR_2_N104,EMBRCDR_2_N104,EMBRCDR_2_N104,DAM,LMP,LMP_PRC,EMBRCDR_2_N104,ALL,1,45.97567,21
2024-04-20T05:00:00-00:00,2024-04-20T06:00:00-00:00,2024-04-19,23,0,EMBRCDR_2_N104,EMBRCDR_2_N104,EMBRCDR_2_N104,DAM,LMP,LMP_PRC,EMBRCDR_2_N104,ALL,1,37.79026,21
2024-04-19T23:00:00-00:00,2024-04-20T00:00:00-00:00,2024-04-19,17,0,EMBRCDR_2_N104,EMBRCDR_2_N104,EMBRCDR_2_N104,DAM,MCC,LMP_CONG_PRC,EMBRCDR_2_N104,ALL,1,20.3123,22
2024-04-19T21:00:00-00:00,2024-04-19T22:00:00-00:00,2024-04-19,15,0,EMBRCDR_2_N104,EMBRCDR_2_N104,EMBRCDR_2_N104,DAM,MCC,LMP_CONG_PRC,EMBRCDR_2_N104,ALL,1,25.20544,22
2024-04-19T10:00:00-00:00,2024-04-19T11:00:00-00:00,2024-04-19,4,0,EMBRCDR_2_N104,EMBRCDR_2_N104,EMBRCDR_2_N104,DAM,MCC,LMP_CONG_PRC,EMBRCDR_2_N104,ALL,1,0,22
2024-04-19T09:00:00-00:00,2024-04-19T10:00:00-00:00,2024-04-19,3,0,EMBRCDR_2_N104,EMBRCDR_2_N104,EMBRCDR_2_N104,DAM,MCC,LMP_CONG_PRC,EMBRCDR_2_N104,ALL,1,1.62563,22
2024-04-19T08:00:00-00:00,2024-04-19T09:00:00-00:00,2024-04-19,2,0,EMBRCDR_2_N104,EMBRCDR_2_N104,EMBRCDR_2_N104,DAM,MCC,LMP_CONG_PRC,EMBRCDR_2_N104,ALL,1,1.2167,22
2024-04-20T01:00:00-00:00,2024-04-20T02:00:00-00:00,2024-04-19,19,0,EMBRCDR_2_N104,EMBRCDR_2_N104,EMBRCDR_2_N104,DAM,MCC,LMP_CONG_PRC,EMBRCDR_2_N104,ALL,1,0,22
2024-04-19T20:00:00-00:00,2024-04-19T21:00:00-00:00,2024-04-19,14,0,EMBRCDR_2_N104,EMBRCDR_2_N104,EMBRCDR_2_N104,DAM,MCC,LMP_CONG_PRC,EMBRCDR_2_N104,ALL,1,22.08638,22
2024-04-19T18:00:00-00:00,2024-04-19T19:00:00-00:00,2024-04-19,12,0,EMBRCDR_2_N104,EMBRCDR_2_N104,EMBRCDR_2_N104,DAM,MCC,LMP_CONG_PRC,EMBRCDR_2_N104,ALL,1,21.81599,22
2024-04-19T13:00:00-00:00,2024-04-19T14:00:00-00:00,2024-04-19,7,0,EMBRCDR_2_N104,EMBRCDR_2_N104,EMBRCDR_2_N104,DAM,MCC,LMP_CONG_PRC,EMBRCDR_2_N104,ALL,1,0,22
2024-04-20T05:00:00-00:00,2024-04-20T06:00:00-00:00,2024-04-19,23,0,EMBRCDR_2_N104,EMBRCDR_2_N104,EMBRCDR_2_N104,DAM,MCC,LMP_CONG_PRC,EMBRCDR_2_N104,ALL,1,0,22
2024-04-20T04:00:00-00:00,2024-04-20T05:00:00-00:00,2024-04-19,22,0,EMBRCDR_2_N104,EMBRCDR_2_N104,EMBRCDR_2_N104,DAM,MCC,LMP_CONG_PRC,EMBRCDR_2_N104,ALL,1,0,22
2024-04-20T00:00:00-00:00,2024-04-20T01:00:00-00:00,2024-04-19,18,0,EMBRCDR_2_N104,EMBRCDR_2_N104,EMBRCDR_2_N104,DAM,MCC,LMP_CONG_PRC,EMBRCDR_2_N104,ALL,1,13.88806,22
2024-04-20T02:00:00-00:00,2024-04-20T03:00:00-00:00,2024-04-19,20,0,EMBRCDR_2_N104,EMBRCDR_2_N104,EMBRCDR_2_N104,DAM,MCC,LMP_CONG_PRC,EMBRCDR_2_N104,ALL,1,0,22
2024-04-19T19:00:00-00:00,2024-04-19T20:00:00-00:00,2024-04-19,13,0,EMBRCDR_2_N104,EMBRCDR_2_N104,EMBRCDR_2_N104,DAM,MCC,LMP_CONG_PRC,EMBRCDR_2_N104,ALL,1,19.98541,22
2024-04-19T12:00:00-00:00,2024-04-19T13:00:00-00:00,2024-04-19,6,0,EMBRCDR_2_N104,EMBRCDR_2_N104,EMBRCDR_2_N104,DAM,MCC,LMP_CONG_PRC,EMBRCDR_2_N104,ALL,1,0,22
2024-04-19T15:00:00-00:00,2024-04-19T16:00:00-00:00,2024-04-19,9,0,EMBRCDR_2_N104,EMBRCDR_2_N104,EMBRCDR_2_N104,DAM,MCC,LMP_CONG_PRC,EMBRCDR_2_N104,ALL,1,24.66716,22
2024-04-19T14:00:00-00:00,2024-04-19T15:00:00-00:00,2024-04-19,8,0,EMBRCDR_2_N104,EMBRCDR_2_N104,EMBRCDR_2_N104,DAM,MCC,LMP_CONG_PRC,EMBRCDR_2_N104,ALL,1,8.94939,22
2024-04-19T11:00:00-00:00,2024-04-19T12:00:00-00:00,2024-04-19,5,0,EMBRCDR_2_N104,EMBRCDR_2_N104,EMBRCDR_2_N104,DAM,MCC,LMP_CONG_PRC,EMBRCDR_2_N104,ALL,1,0,22
2024-04-19T07:00:00-00:00,2024-04-19T08:00:00-00:00,2024-04-19,1,0,EMBRCDR_2_N104,EMBRCDR_2_N104,EMBRCDR_2_N104,DAM,MCC,LMP_CONG_PRC,EMBRCDR_2_N104,ALL,1,2.39596,22
2024-04-20T06:00:00-00:00,2024-04-20T07:00:00-00:00,2024-04-19,24,0,EMBRCDR_2_N104,EMBRCDR_2_N104,EMBRCDR_2_N104,DAM,MCC,LMP_CONG_PRC,EMBRCDR_2_N104,ALL,1,0,22
2024-04-20T03:00:00-00:00,2024-04-20T04:00:00-00:00,2024-04-19,21,0,EMBRCDR_2_N104,EMBRCDR_2_N104,EMBRCDR_2_N104,DAM,MCC,LMP_CONG_PRC,EMBRCDR_2_N104,ALL,1,0,22
2024-04-19T22:00:00-00:00,2024-04-19T23:00:00-00:00,2024-04-19,16,0,EMBRCDR_2_N104,EMBRCDR_2_N104,EMBRCDR_2_N104,DAM,MCC,LMP_CONG_PRC,EMBRCDR_2_N104,ALL,1,25.0299,22
2024-04-19T17:00:00-00:00,2024-04-19T18:00:00-00:00,2024-04-19,11,0,EMBRCDR_2_N104,EMBRCDR_2_N104,EMBRCDR_2_N104,DAM,MCC,LMP_CONG_PRC,EMBRCDR_2_N104,ALL,1,20.90697,22
2024-04-19T16:00:00-00:00,2024-04-19T17:00:00-00:00,2024-04-19,10,0,EMBRCDR_2_N104,EMBRCDR_2_N104,EMBRCDR_2_N104,DAM,MCC,LMP_CONG_PRC,EMBRCDR_2_N104,ALL,1,20.24194,22
2024-04-19T10:00:00-00:00,2024-04-19T11:00:00-00:00,2024-04-19,4,0,EMBRCDR_2_N104,EMBRCDR_2_N104,EMBRCDR_2_N104,DAM,MCE,LMP_ENE_PRC,EMBRCDR_2_N104,ALL,1,31.68586,23
2024-04-19T08:00:00-00:00,2024-04-19T09:00:00-00:00,2024-04-19,2,0,EMBRCDR_2_N104,EMBRCDR_2_N104,EMBRCDR_2_N104,DAM,MCE,LMP_ENE_PRC,EMBRCDR_2_N104,ALL,1,32.38314,23
2024-04-19T18:00:00-00:00,2024-04-19T19:00:00-00:00,2024-04-19,12,0,EMBRCDR_2_N104,EMBRCDR_2_N104,EMBRCDR_2_N104,DAM,MCE,LMP_ENE_PRC,EMBRCDR_2_N104,ALL,1,-9.1784,23
2024-04-19T15:00:00-00:00,2024-04-19T16:00:00-00:00,2024-04-19,9,0,EMBRCDR_2_N104,EMBRCDR_2_N104,EMBRCDR_2_N104,DAM,MCE,LMP_ENE_PRC,EMBRCDR_2_N104,ALL,1,6.74152,23
2024-04-19T17:00:00-00:00,2024-04-19T18:00:00-00:00,2024-04-19,11,0,EMBRCDR_2_N104,EMBRCDR_2_N104,EMBRCDR_2_N104,DAM,MCE,LMP_ENE_PRC,EMBRCDR_2_N104,ALL,1,-5.95279,23
2024-04-20T00:00:00-00:00,2024-04-20T01:00:00-00:00,2024-04-19,18,0,EMBRCDR_2_N104,EMBRCDR_2_N104,EMBRCDR_2_N104,DAM,MCE,LMP_ENE_PRC,EMBRCDR_2_N104,ALL,1,3.03092,23
2024-04-19T16:00:00-00:00,2024-04-19T17:00:00-00:00,2024-04-19,10,0,EMBRCDR_2_N104,EMBRCDR_2_N104,EMBRCDR_2_N104,DAM,MCE,LMP_ENE_PRC,EMBRCDR_2_N104,ALL,1,6.44365,23
2024-04-20T06:00:00-00:00,2024-04-20T07:00:00-00:00,2024-04-19,24,0,EMBRCDR_2_N104,EMBRCDR_2_N104,EMBRCDR_2_N104,DAM,MCE,LMP_ENE_PRC,EMBRCDR_2_N104,ALL,1,34.81908,23
2024-04-19T13:00:00-00:00,2024-04-19T14:00:00-00:00,2024-04-19,7,0,EMBRCDR_2_N104,EMBRCDR_2_N104,EMBRCDR_2_N104,DAM,MCE,LMP_ENE_PRC,EMBRCDR_2_N104,ALL,1,41.61935,23
2024-04-19T11:00:00-00:00,2024-04-19T12:00:00-00:00,2024-04-19,5,0,EMBRCDR_2_N104,EMBRCDR_2_N104,EMBRCDR_2_N104,DAM,MCE,LMP_ENE_PRC,EMBRCDR_2_N104,ALL,1,33.85892,23
2024-04-19T12:00:00-00:00,2024-04-19T13:00:00-00:00,2024-04-19,6,0,EMBRCDR_2_N104,EMBRCDR_2_N104,EMBRCDR_2_N104,DAM,MCE,LMP_ENE_PRC,EMBRCDR_2_N104,ALL,1,38.2786,23
2024-04-20T05:00:00-00:00,2024-04-20T06:00:00-00:00,2024-04-19,23,0,EMBRCDR_2_N104,EMBRCDR_2_N104,EMBRCDR_2_N104,DAM,MCE,LMP_ENE_PRC,EMBRCDR_2_N104,ALL,1,37.00937,23
2024-04-20T04:00:00-00:00,2024-04-20T05:00:00-00:00,2024-04-19,22,0,EMBRCDR_2_N104,EMBRCDR_2_N104,EMBRCDR_2_N104,DAM,MCE,LMP_ENE_PRC,EMBRCDR_2_N104,ALL,1,41.80392,23
2024-04-20T01:00:00-00:00,2024-04-20T02:00:00-00:00,2024-04-19,19,0,EMBRCDR_2_N104,EMBRCDR_2_N104,EMBRCDR_2_N104,DAM,MCE,LMP_ENE_PRC,EMBRCDR_2_N104,ALL,1,36.93976,23
2024-04-19T22:00:00-00:00,2024-04-19T23:00:00-00:00,2024-04-19,16,0,EMBRCDR_2_N104,EMBRCDR_2_N104,EMBRCDR_2_N104,DAM,MCE,LMP_ENE_PRC,EMBRCDR_2_N104,ALL,1,-16.82814,23
2024-04-20T02:00:00-00:00,2024-04-20T03:00:00-00:00,2024-04-19,20,0,EMBRCDR_2_N104,EMBRCDR_2_N104,EMBRCDR_2_N104,DAM,MCE,LMP_ENE_PRC,EMBRCDR_2_N104,ALL,1,44.42094,23
2024-04-19T21:00:00-00:00,2024-04-19T22:00:00-00:00,2024-04-19,15,0,EMBRCDR_2_N104,EMBRCDR_2_N104,EMBRCDR_2_N104,DAM,MCE,LMP_ENE_PRC,EMBRCDR_2_N104,ALL,1,-19.9159,23
2024-04-19T19:00:00-00:00,2024-04-19T20:00:00-00:00,2024-04-19,13,0,EMBRCDR_2_N104,EMBRCDR_2_N104,EMBRCDR_2_N104,DAM,MCE,LMP_ENE_PRC,EMBRCDR_2_N104,ALL,1,-14.59771,23
2024-04-19T23:00:00-00:00,2024-04-20T00:00:00-00:00,2024-04-19,17,0,EMBRCDR_2_N104,EMBRCDR_2_N104,EMBRCDR_2_N104,DAM,MCE,LMP_ENE_PRC,EMBRCDR_2_N104,ALL,1,-9.79993,23
2024-04-20T03:00:00-00:00,2024-04-20T04:00:00-00:00,2024-04-19,21,0,EMBRCDR_2_N104,EMBRCDR_2_N104,EMBRCDR_2_N104,DAM,MCE,LMP_ENE_PRC,EMBRCDR_2_N104,ALL,1,44.75859,23
2024-04-19T20:00:00-00:00,2024-04-19T21:00:00-00:00,2024-04-19,14,0,EMBRCDR_2_N104,EMBRCDR_2_N104,EMBRCDR_2_N104,DAM,MCE,LMP_ENE_PRC,EMBRCDR_2_N104,ALL,1,-18.35482,23
2024-04-19T14:00:00-00:00,2024-04-19T15:00:00-00:00,2024-04-19,8,0,EMBRCDR_2_N104,EMBRCDR_2_N104,EMBRCDR_2_N104,DAM,MCE,LMP_ENE_PRC,EMBRCDR_2_N104,ALL,1,29.29106,23
2024-04-19T09:00:00-00:00,2024-04-19T10:00:00-00:00,2024-04-19,3,0,EMBRCDR_2_N104,EMBRCDR_2_N104,EMBRCDR_2_N104,DAM,MCE,LMP_ENE_PRC,EMBRCDR_2_N104,ALL,1,31.66135,23
2024-04-19T07:00:00-00:00,2024-04-19T08:00:00-00:00,2024-04-19,1,0,EMBRCDR_2_N104,EMBRCDR_2_N104,EMBRCDR_2_N104,DAM,MCE,LMP_ENE_PRC,EMBRCDR_2_N104,ALL,1,31.92512,23
2024-04-19T09:00:00-00:00,2024-04-19T10:00:00-00:00,2024-04-19,3,0,EMBRCDR_2_N104,EMBRCDR_2_N104,EMBRCDR_2_N104,DAM,MCL,LMP_LOSS_PRC,EMBRCDR_2_N104,ALL,1,1.11131,24
2024-04-20T06:00:00-00:00,2024-04-20T07:00:00-00:00,2024-04-19,24,0,EMBRCDR_2_N104,EMBRCDR_2_N104,EMBRCDR_2_N104,DAM,MCL,LMP_LOSS_PRC,EMBRCDR_2_N104,ALL,1,0.75906,24
2024-04-19T10:00:00-00:00,2024-04-19T11:00:00-00:00,2024-04-19,4,0,EMBRCDR_2_N104,EMBRCDR_2_N104,EMBRCDR_2_N104,DAM,MCL,LMP_LOSS_PRC,EMBRCDR_2_N104,ALL,1,1.00444,24
2024-04-19T13:00:00-00:00,2024-04-19T14:00:00-00:00,2024-04-19,7,0,EMBRCDR_2_N104,EMBRCDR_2_N104,EMBRCDR_2_N104,DAM,MCL,LMP_LOSS_PRC,EMBRCDR_2_N104,ALL,1,1.12372,24
2024-04-19T18:00:00-00:00,2024-04-19T19:00:00-00:00,2024-04-19,12,0,EMBRCDR_2_N104,EMBRCDR_2_N104,EMBRCDR_2_N104,DAM,MCL,LMP_LOSS_PRC,EMBRCDR_2_N104,ALL,1,0,24
2024-04-19T19:00:00-00:00,2024-04-19T20:00:00-00:00,2024-04-19,13,0,EMBRCDR_2_N104,EMBRCDR_2_N104,EMBRCDR_2_N104,DAM,MCL,LMP_LOSS_PRC,EMBRCDR_2_N104,ALL,1,-0.46859,24
2024-04-20T00:00:00-00:00,2024-04-20T01:00:00-00:00,2024-04-19,18,0,EMBRCDR_2_N104,EMBRCDR_2_N104,EMBRCDR_2_N104,DAM,MCL,LMP_LOSS_PRC,EMBRCDR_2_N104,ALL,1,0.15155,24
2024-04-19T07:00:00-00:00,2024-04-19T08:00:00-00:00,2024-04-19,1,0,EMBRCDR_2_N104,EMBRCDR_2_N104,EMBRCDR_2_N104,DAM,MCL,LMP_LOSS_PRC,EMBRCDR_2_N104,ALL,1,1.30574,24
2024-04-19T17:00:00-00:00,2024-04-19T18:00:00-00:00,2024-04-19,11,0,EMBRCDR_2_N104,EMBRCDR_2_N104,EMBRCDR_2_N104,DAM,MCL,LMP_LOSS_PRC,EMBRCDR_2_N104,ALL,1,-0.26073,24
2024-04-19T20:00:00-00:00,2024-04-19T21:00:00-00:00,2024-04-19,14,0,EMBRCDR_2_N104,EMBRCDR_2_N104,EMBRCDR_2_N104,DAM,MCL,LMP_LOSS_PRC,EMBRCDR_2_N104,ALL,1,-0.59837,24
2024-04-19T23:00:00-00:00,2024-04-20T00:00:00-00:00,2024-04-19,17,0,EMBRCDR_2_N104,EMBRCDR_2_N104,EMBRCDR_2_N104,DAM,MCL,LMP_LOSS_PRC,EMBRCDR_2_N104,ALL,1,-0.48706,24
2024-04-20T01:00:00-00:00,2024-04-20T02:00:00-00:00,2024-04-19,19,0,EMBRCDR_2_N104,EMBRCDR_2_N104,EMBRCDR_2_N104,DAM,MCL,LMP_LOSS_PRC,EMBRCDR_2_N104,ALL,1,0.99368,24
2024-04-20T05:00:00-00:00,2024-04-20T06:00:00-00:00,2024-04-19,23,0,EMBRCDR_2_N104,EMBRCDR_2_N104,EMBRCDR_2_N104,DAM,MCL,LMP_LOSS_PRC,EMBRCDR_2_N104,ALL,1,0.7809,24
2024-04-19T12:00:00-00:00,2024-04-19T13:00:00-00:00,2024-04-19,6,0,EMBRCDR_2_N104,EMBRCDR_2_N104,EMBRCDR_2_N104,DAM,MCL,LMP_LOSS_PRC,EMBRCDR_2_N104,ALL,1,1.07563,24
2024-04-19T16:00:00-00:00,2024-04-19T17:00:00-00:00,2024-04-19,10,0,EMBRCDR_2_N104,EMBRCDR_2_N104,EMBRCDR_2_N104,DAM,MCL,LMP_LOSS_PRC,EMBRCDR_2_N104,ALL,1,0.23133,24
2024-04-19T21:00:00-00:00,2024-04-19T22:00:00-00:00,2024-04-19,15,0,EMBRCDR_2_N104,EMBRCDR_2_N104,EMBRCDR_2_N104,DAM,MCL,LMP_LOSS_PRC,EMBRCDR_2_N104,ALL,1,-0.76079,24
2024-04-20T03:00:00-00:00,2024-04-20T04:00:00-00:00,2024-04-19,21,0,EMBRCDR_2_N104,EMBRCDR_2_N104,EMBRCDR_2_N104,DAM,MCL,LMP_LOSS_PRC,EMBRCDR_2_N104,ALL,1,1.19953,24
2024-04-19T14:00:00-00:00,2024-04-19T15:00:00-00:00,2024-04-19,8,0,EMBRCDR_2_N104,EMBRCDR_2_N104,EMBRCDR_2_N104,DAM,MCL,LMP_LOSS_PRC,EMBRCDR_2_N104,ALL,1,1.32689,24
2024-04-19T15:00:00-00:00,2024-04-19T16:00:00-00:00,2024-04-19,9,0,EMBRCDR_2_N104,EMBRCDR_2_N104,EMBRCDR_2_N104,DAM,MCL,LMP_LOSS_PRC,EMBRCDR_2_N104,ALL,1,0.30202,24
2024-04-19T22:00:00-00:00,2024-04-19T23:00:00-00:00,2024-04-19,16,0,EMBRCDR_2_N104,EMBRCDR_2_N104,EMBRCDR_2_N104,DAM,MCL,LMP_LOSS_PRC,EMBRCDR_2_N104,ALL,1,-0.66471,24
2024-04-20T04:00:00-00:00,2024-04-20T05:00:00-00:00,2024-04-19,22,0,EMBRCDR_2_N104,EMBRCDR_2_N104,EMBRCDR_2_N104,DAM,MCL,LMP_LOSS_PRC,EMBRCDR_2_N104,ALL,1,1.04928,24
2024-04-19T08:00:00-00:00,2024-04-19T09:00:00-00:00,2024-04-19,2,0,EMBRCDR_2_N104,EMBRCDR_2_N104,EMBRCDR_2_N104,DAM,MCL,LMP_LOSS_PRC,EMBRCDR_2_N104,ALL,1,1.17875,24
2024-04-19T11:00:00-00:00,2024-04-19T12:00:00-00:00,2024-04-19,5,0,EMBRCDR_2_N104,EMBRCDR_2_N104,EMBRCDR_2_N104,DAM,MCL,LMP_LOSS_PRC,EMBRCDR_2_N104,ALL,1,1.07333,24
2024-04-20T02:00:00-00:00,2024-04-20T03:00:00-00:00,2024-04-19,20,0,EMBRCDR_2_N104,EMBRCDR_2_N104,EMBRCDR_2_N104,DAM,MCL,LMP_LOSS_PRC,EMBRCDR_2_N104,ALL,1,1.55473,24
2024-04-19T11:00:00-00:00,2024-04-19T12:00:00-00:00,2024-04-19,5,0,EMBRCDR_2_N104,EMBRCDR_2_N104,EMBRCDR_2_N104,DAM,MGHG,LMP_GHG_PRC,EMBRCDR_2_N104,ALL,1,0,25
2024-04-19T07:00:00-00:00,2024-04-19T08:00:00-00:00,2024-04-19,1,0,EMBRCDR_2_N104,EMBRCDR_2_N104,EMBRCDR_2_N104,DAM,MGHG,LMP_GHG_PRC,EMBRCDR_2_N104,ALL,1,0,25
2024-04-19T14:00:00-00:00,2024-04-19T15:00:00-00:00,2024-04-19,8,0,EMBRCDR_2_N104,EMBRCDR_2_N104,EMBRCDR_2_N104,DAM,MGHG,LMP_GHG_PRC,EMBRCDR_2_N104,ALL,1,0,25
2024-04-20T04:00:00-00:00,2024-04-20T05:00:00-00:00,2024-04-19,22,0,EMBRCDR_2_N104,EMBRCDR_2_N104,EMBRCDR_2_N104,DAM,MGHG,LMP_GHG_PRC,EMBRCDR_2_N104,ALL,1,0,25
2024-04-19T20:00:00-00:00,2024-04-19T21:00:00-00:00,2024-04-19,14,0,EMBRCDR_2_N104,EMBRCDR_2_N104,EMBRCDR_2_N104,DAM,MGHG,LMP_GHG_PRC,EMBRCDR_2_N104,ALL,1,0,25
2024-04-19T22:00:00-00:00,2024-04-19T23:00:00-00:00,2024-04-19,16,0,EMBRCDR_2_N104,EMBRCDR_2_N104,EMBRCDR_2_N104,DAM,MGHG,LMP_GHG_PRC,EMBRCDR_2_N104,ALL,1,0,25
2024-04-20T01:00:00-00:00,2024-04-20T02:00:00-00:00,2024-04-19,19,0,EMBRCDR_2_N104,EMBRCDR_2_N104,EMBRCDR_2_N104,DAM,MGHG,LMP_GHG_PRC,EMBRCDR_2_N104,ALL,1,0,25
2024-04-20T02:00:00-00:00,2024-04-20T03:00:00-00:00,2024-04-19,20,0,EMBRCDR_2_N104,EMBRCDR_2_N104,EMBRCDR_2_N104,DAM,MGHG,LMP_GHG_PRC,EMBRCDR_2_N104,ALL,1,0,25
2024-04-19T10:00:00-00:00,2024-04-19T11:00:00-00:00,2024-04-19,4,0,EMBRCDR_2_N104,EMBRCDR_2_N104,EMBRCDR_2_N104,DAM,MGHG,LMP_GHG_PRC,EMBRCDR_2_N104,ALL,1,0,25
2024-04-19T15:00:00-00:00,2024-04-19T16:00:00-00:00,2024-04-19,9,0,EMBRCDR_2_N104,EMBRCDR_2_N104,EMBRCDR_2_N104,DAM,MGHG,LMP_GHG_PRC,EMBRCDR_2_N104,ALL,1,0,25
2024-04-19T13:00:00-00:00,2024-04-19T14:00:00-00:00,2024-04-19,7,0,EMBRCDR_2_N104,EMBRCDR_2_N104,EMBRCDR_2_N104,DAM,MGHG,LMP_GHG_PRC,EMBRCDR_2_N104,ALL,1,0,25
2024-04-19T19:00:00-00:00,2024-04-19T20:00:00-00:00,2024-04-19,13,0,EMBRCDR_2_N104,EMBRCDR_2_N104,EMBRCDR_2_N104,DAM,MGHG,LMP_GHG_PRC,EMBRCDR_2_N104,ALL,1,0,25
2024-04-20T06:00:00-00:00,2024-04-20T07:00:00-00:00,2024-04-19,24,0,EMBRCDR_2_N104,EMBRCDR_2_N104,EMBRCDR_2_N104,DAM,MGHG,LMP_GHG_PRC,EMBRCDR_2_N104,ALL,1,0,25
2024-04-19T09:00:00-00:00,2024-04-19T10:00:00-00:00,2024-04-19,3,0,EMBRCDR_2_N104,EMBRCDR_2_N104,EMBRCDR_2_N104,DAM,MGHG,LMP_GHG_PRC,EMBRCDR_2_N104,ALL,1,0,25
2024-04-19T16:00:00-00:00,2024-04-19T17:00:00-00:00,2024-04-19,10,0,EMBRCDR_2_N104,EMBRCDR_2_N104,EMBRCDR_2_N104,DAM,MGHG,LMP_GHG_PRC,EMBRCDR_2_N104,ALL,1,0,25
2024-04-19T17:00:00-00:00,2024-04-19T18:00:00-00:00,2024-04-19,11,0,EMBRCDR_2_N104,EMBRCDR_2_N104,EMBRCDR_2_N104,DAM,MGHG,LMP_GHG_PRC,EMBRCDR_2_N104,ALL,1,0,25
2024-04-19T18:00:00-00:00,2024-04-19T19:00:00-00:00,2024-04-19,12,0,EMBRCDR_2_N104,EMBRCDR_2_N104,EMBRCDR_2_N104,DAM,MGHG,LMP_GHG_PRC,EMBRCDR_2_N104,ALL,1,0,25
2024-04-20T00:00:00-00:00,2024-04-20T01:00:00-00:00,2024-04-19,18,0,EMBRCDR_2_N104,EMBRCDR_2_N104,EMBRCDR_2_N104,DAM,MGHG,LMP_GHG_PRC,EMBRCDR_2_N104,ALL,1,0,25
2024-04-20T05:00:00-00:00,2024-04-20T06:00:00-00:00,2024-04-19,23,0,EMBRCDR_2_N104,EMBRCDR_2_N104,EMBRCDR_2_N104,DAM,MGHG,LMP_GHG_PRC,EMBRCDR_2_N104,ALL,1,0,25
2024-04-19T08:00:00-00:00,2024-04-19T09:00:00-00:00,2024-04-19,2,0,EMBRCDR_2_N104,EMBRCDR_2_N104,EMBRCDR_2_N104,DAM,MGHG,LMP_GHG_PRC,EMBRCDR_2_N104,ALL,1,0,25
2024-04-19T21:00:00-00:00,2024-04-19T22:00:00-00:00,2024-04-19,15,0,EMBRCDR_2_N104,EMBRCDR_2_N104,EMBRCDR_2_N104,DAM,MGHG,LMP_GHG_PRC,EMBRCDR_2_N104,ALL,1,0,25
2024-04-19T23:00:00-00:00,2024-04-20T00:00:00-00:00,2024-04-19,17,0,EMBRCDR_2_N104,EMBRCDR_2_N104,EMBRCDR_2_N104,DAM,MGHG,LMP_GHG_PRC,EMBRCDR_2_N104,ALL,1,0,25
2024-04-20T03:00:00-00:00,2024-04-20T04:00:00-00:00,2024-04-19,21,0,EMBRCDR_2_N104,EMBRCDR_2_N104,EMBRCDR_2_N104,DAM,MGHG,LMP_GHG_PRC,EMBRCDR_2_N104,ALL,1,0,25
2024-04-19T12:00:00-00:00,2024-04-19T13:00:00-00:00,2024-04-19,6,0,EMBRCDR_2_N104,EMBRCDR_2_N104,EMBRCDR_2_N104,DAM,MGHG,LMP_GHG_PRC,EMBRCDR_2_N104,ALL,1,0,25
2024-04-19T18:00:00-00:00,2024-04-19T19:00:00-00:00,2024-04-19,12,0,STATIN-L_7_N001,STATIN-L_7_N001,STATIN-L_7_N001,DAM,LMP,LMP_PRC,STATIN-L_7_N001,ALL,1,7.50356,26
2024-04-19T10:00:00-00:00,2024-04-19T11:00:00-00:00,2024-04-19,4,0,STATIN-L_7_N001,STATIN-L_7_N001,STATIN-L_7_N001,DAM,LMP,LMP_PRC,STATIN-L_7_N001,ALL,1,32.56356,26
2024-04-20T00:00:00-00:00,2024-04-20T01:00:00-00:00,2024-04-19,18,0,STATIN-L_7_N001,STATIN-L_7_N001,STATIN-L_7_N001,DAM,LMP,LMP_PRC,STATIN-L_7_N001,ALL,1,13.35234,26
2024-04-19T08:00:00-00:00,2024-04-19T09:00:00-00:00,2024-04-19,2,0,STATIN-L_7_N001,STATIN-L_7_N001,STATIN-L_7_N001,DAM,LMP,LMP_PRC,STATIN-L_7_N001,ALL,1,34.62302,26
2024-04-19T09:00:00-00:00,2024-04-19T10:00:00-00:00,2024-04-19,3,0,STATIN-L_7_N001,STATIN-L_7_N001,STATIN-L_7_N001,DAM,LMP,LMP_PRC,STATIN-L_7_N001,ALL,1,34.21301,26
2024-04-19T15:00:00-00:00,2024-04-19T16:00:00-00:00,2024-04-19,9,0,STATIN-L_7_N001,STATIN-L_7_N001,STATIN-L_7_N001,DAM,LMP,LMP_PRC,STATIN-L_7_N001,ALL,1,28.30928,26
2024-04-19T12:00:00-00:00,2024-04-19T13:00:00-00:00,2024-04-19,6,0,STATIN-L_7_N001,STATIN-L_7_N001,STATIN-L_7_N001,DAM,LMP,LMP_PRC,STATIN-L_7_N001,ALL,1,39.2279,26
2024-04-19T21:00:00-00:00,2024-04-19T22:00:00-00:00,2024-04-19,15,0,STATIN-L_7_N001,STATIN-L_7_N001,STATIN-L_7_N001,DAM,LMP,LMP_PRC,STATIN-L_7_N001,ALL,1,0.35301,26
2024-04-19T19:00:00-00:00,2024-04-19T20:00:00-00:00,2024-04-19,13,0,STATIN-L_7_N001,STATIN-L_7_N001,STATIN-L_7_N001,DAM,LMP,LMP_PRC,STATIN-L_7_N001,ALL,1,0.84532,26
2024-04-19T22:00:00-00:00,2024-04-19T23:00:00-00:00,2024-04-19,16,0,STATIN-L_7_N001,STATIN-L_7_N001,STATIN-L_7_N001,DAM,LMP,LMP_PRC,STATIN-L_7_N001,ALL,1,3.39833,26
2024-04-19T20:00:00-00:00,2024-04-19T21:00:00-00:00,2024-04-19,14,0,STATIN-L_7_N001,STATIN-L_7_N001,STATIN-L_7_N001,DAM,LMP,LMP_PRC,STATIN-L_7_N001,ALL,1,-0.85469,26
2024-04-19T13:00:00-00:00,2024-04-19T14:00:00-00:00,2024-04-19,7,0,STATIN-L_7_N001,STATIN-L_7_N001,STATIN-L_7_N001,DAM,LMP,LMP_PRC,STATIN-L_7_N001,ALL,1,42.74307,26
2024-04-20T05:00:00-00:00,2024-04-20T06:00:00-00:00,2024-04-19,23,0,STATIN-L_7_N001,STATIN-L_7_N001,STATIN-L_7_N001,DAM,LMP,LMP_PRC,STATIN-L_7_N001,ALL,1,37.50159,26
2024-04-19T16:00:00-00:00,2024-04-19T17:00:00-00:00,2024-04-19,10,0,STATIN-L_7_N001,STATIN-L_7_N001,STATIN-L_7_N001,DAM,LMP,LMP_PRC,STATIN-L_7_N001,ALL,1,22.59107,26
2024-04-20T06:00:00-00:00,2024-04-20T07:00:00-00:00,2024-04-19,24,0,STATIN-L_7_N001,STATIN-L_7_N001,STATIN-L_7_N001,DAM,LMP,LMP_PRC,STATIN-L_7_N001,ALL,1,35.26128,26
2024-04-20T04:00:00-00:00,2024-04-20T05:00:00-00:00,2024-04-19,22,0,STATIN-L_7_N001,STATIN-L_7_N001,STATIN-L_7_N001,DAM,LMP,LMP_PRC,STATIN-L_7_N001,ALL,1,42.74869,26
2024-04-20T03:00:00-00:00,2024-04-20T04:00:00-00:00,2024-04-19,21,0,STATIN-L_7_N001,STATIN-L_7_N001,STATIN-L_7_N001,DAM,LMP,LMP_PRC,STATIN-L_7_N001,ALL,1,45.83727,26
2024-04-20T02:00:00-00:00,2024-04-20T03:00:00-00:00,2024-04-19,20,0,STATIN-L_7_N001,STATIN-L_7_N001,STATIN-L_7_N001,DAM,LMP,LMP_PRC,STATIN-L_7_N001,ALL,1,45.28271,26
2024-04-19T23:00:00-00:00,2024-04-20T00:00:00-00:00,2024-04-19,17,0,STATIN-L_7_N001,STATIN-L_7_N001,STATIN-L_7_N001,DAM,LMP,LMP_PRC,STATIN-L_7_N001,ALL,1,5.95389,26
2024-04-19T11:00:00-00:00,2024-04-19T12:00:00-00:00,2024-04-19,5,0,STATIN-L_7_N001,STATIN-L_7_N001,STATIN-L_7_N001,DAM,LMP,LMP_PRC,STATIN-L_7_N001,ALL,1,34.75957,26
2024-04-19T17:00:00-00:00,2024-04-19T18:00:00-00:00,2024-04-19,11,0,STATIN-L_7_N001,STATIN-L_7_N001,STATIN-L_7_N001,DAM,LMP,LMP_PRC,STATIN-L_7_N001,ALL,1,10.46878,26
2024-04-19T14:00:00-00:00,2024-04-19T15:00:00-00:00,2024-04-19,8,0,STATIN-L_7_N001,STATIN-L_7_N001,STATIN-L_7_N001,DAM,LMP,LMP_PRC,STATIN-L_7_N001,ALL,1,39.514,26
2024-04-19T07:00:00-00:00,2024-04-19T08:00:00-00:00,2024-04-19,1,0,STATIN-L_7_N001,STATIN-L_7_N001,STATIN-L_7_N001,DAM,LMP,LMP_PRC,STATIN-L_7_N001,ALL,1,35.28494,26
2024-04-20T01:00:00-00:00,2024-04-20T02:00:00-00:00,2024-04-19,19,0,STATIN-L_7_N001,STATIN-L_7_N001,STATIN-L_7_N001,DAM,LMP,LMP_PRC,STATIN-L_7_N001,ALL,1,37.79676,26
2024-04-19T07:00:00-00:00,2024-04-19T08:00:00-00:00,2024-04-19,1,0,STATIN-L_7_N001,STATIN-L_7_N001,STATIN-L_7_N001,DAM,MCC,LMP_CONG_PRC,STATIN-L_7_N001,ALL,1,2.37014,27
2024-04-19T22:00:00-00:00,2024-04-19T23:00:00-00:00,2024-04-19,16,0,STATIN-L_7_N001,STATIN-L_7_N001,STATIN-L_7_N001,DAM,MCC,LMP_CONG_PRC,STATIN-L_7_N001,ALL,1,20.91642,27
2024-04-19T08:00:00-00:00,2024-04-19T09:00:00-00:00,2024-04-19,2,0,STATIN-L_7_N001,STATIN-L_7_N001,STATIN-L_7_N001,DAM,MCC,LMP_CONG_PRC,STATIN-L_7_N001,ALL,1,1.20362,27
2024-04-20T02:00:00-00:00,2024-04-20T03:00:00-00:00,2024-04-19,20,0,STATIN-L_7_N001,STATIN-L_7_N001,STATIN-L_7_N001,DAM,MCC,LMP_CONG_PRC,STATIN-L_7_N001,ALL,1,0,27
2024-04-19T11:00:00-00:00,2024-04-19T12:00:00-00:00,2024-04-19,5,0,STATIN-L_7_N001,STATIN-L_7_N001,STATIN-L_7_N001,DAM,MCC,LMP_CONG_PRC,STATIN-L_7_N001,ALL,1,0,27
2024-04-19T19:00:00-00:00,2024-04-19T20:00:00-00:00,2024-04-19,13,0,STATIN-L_7_N001,STATIN-L_7_N001,STATIN-L_7_N001,DAM,MCC,LMP_CONG_PRC,STATIN-L_7_N001,ALL,1,16.13205,27
2024-04-19T17:00:00-00:00,2024-04-19T18:00:00-00:00,2024-04-19,11,0,STATIN-L_7_N001,STATIN-L_7_N001,STATIN-L_7_N001,DAM,MCC,LMP_CONG_PRC,STATIN-L_7_N001,ALL,1,16.68588,27
2024-04-20T03:00:00-00:00,2024-04-20T04:00:00-00:00,2024-04-19,21,0,STATIN-L_7_N001,STATIN-L_7_N001,STATIN-L_7_N001,DAM,MCC,LMP_CONG_PRC,STATIN-L_7_N001,ALL,1,0,27
2024-04-19T21:00:00-00:00,2024-04-19T22:00:00-00:00,2024-04-19,15,0,STATIN-L_7_N001,STATIN-L_7_N001,STATIN-L_7_N001,DAM,MCC,LMP_CONG_PRC,STATIN-L_7_N001,ALL,1,21.06355,27
2024-04-19T16:00:00-00:00,2024-04-19T17:00:00-00:00,2024-04-19,10,0,STATIN-L_7_N001,STATIN-L_7_N001,STATIN-L_7_N001,DAM,MCC,LMP_CONG_PRC,STATIN-L_7_N001,ALL,1,15.82265,27
2024-04-19T10:00:00-00:00,2024-04-19T11:00:00-00:00,2024-04-19,4,0,STATIN-L_7_N001,STATIN-L_7_N001,STATIN-L_7_N001,DAM,MCC,LMP_CONG_PRC,STATIN-L_7_N001,ALL,1,0,27
2024-04-20T06:00:00-00:00,2024-04-20T07:00:00-00:00,2024-04-19,24,0,STATIN-L_7_N001,STATIN-L_7_N001,STATIN-L_7_N001,DAM,MCC,LMP_CONG_PRC,STATIN-L_7_N001,ALL,1,0,27
2024-04-20T04:00:00-00:00,2024-04-20T05:00:00-00:00,2024-04-19,22,0,STATIN-L_7_N001,STATIN-L_7_N001,STATIN-L_7_N001,DAM,MCC,LMP_CONG_PRC,STATIN-L_7_N001,ALL,1,0,27
2024-04-20T05:00:00-00:00,2024-04-20T06:00:00-00:00,2024-04-19,23,0,STATIN-L_7_N001,STATIN-L_7_N001,STATIN-L_7_N001,DAM,MCC,LMP_CONG_PRC,STATIN-L_7_N001,ALL,1,0,27
2024-04-20T01:00:00-00:00,2024-04-20T02:00:00-00:00,2024-04-19,19,0,STATIN-L_7_N001,STATIN-L_7_N001,STATIN-L_7_N001,DAM,MCC,LMP_CONG_PRC,STATIN-L_7_N001,ALL,1,0,27
2024-04-20T00:00:00-00:00,2024-04-20T01:00:00-00:00,2024-04-19,18,0,STATIN-L_7_N001,STATIN-L_7_N001,STATIN-L_7_N001,DAM,MCC,LMP_CONG_PRC,STATIN-L_7_N001,ALL,1,10.14896,27
2024-04-19T23:00:00-00:00,2024-04-20T00:00:00-00:00,2024-04-19,17,0,STATIN-L_7_N001,STATIN-L_7_N001,STATIN-L_7_N001,DAM,MCC,LMP_CONG_PRC,STATIN-L_7_N001,ALL,1,16.30556,27
2024-04-19T14:00:00-00:00,2024-04-19T15:00:00-00:00,2024-04-19,8,0,STATIN-L_7_N001,STATIN-L_7_N001,STATIN-L_7_N001,DAM,MCC,LMP_CONG_PRC,STATIN-L_7_N001,ALL,1,8.85211,27
2024-04-19T12:00:00-00:00,2024-04-19T13:00:00-00:00,2024-04-19,6,0,STATIN-L_7_N001,STATIN-L_7_N001,STATIN-L_7_N001,DAM,MCC,LMP_CONG_PRC,STATIN-L_7_N001,ALL,1,0,27
2024-04-19T09:00:00-00:00,2024-04-19T10:00:00-00:00,2024-04-19,3,0,STATIN-L_7_N001,STATIN-L_7_N001,STATIN-L_7_N001,DAM,MCC,LMP_CONG_PRC,STATIN-L_7_N001,ALL,1,1.60815,27
2024-04-19T20:00:00-00:00,2024-04-19T21:00:00-00:00,2024-04-19,14,0,STATIN-L_7_N001,STATIN-L_7_N001,STATIN-L_7_N001,DAM,MCC,LMP_CONG_PRC,STATIN-L_7_N001,ALL,1,18.35362,27
2024-04-19T18:00:00-00:00,2024-04-19T19:00:00-00:00,2024-04-19,12,0,STATIN-L_7_N001,STATIN-L_7_N001,STATIN-L_7_N001,DAM,MCC,LMP_CONG_PRC,STATIN-L_7_N001,ALL,1,16.68196,27
2024-04-19T15:00:00-00:00,2024-04-19T16:00:00-00:00,2024-04-19,9,0,STATIN-L_7_N001,STATIN-L_7_N001,STATIN-L_7_N001,DAM,MCC,LMP_CONG_PRC,STATIN-L_7_N001,ALL,1,21.17608,27
2024-04-19T13:00:00-00:00,2024-04-19T14:00:00-00:00,2024-04-19,7,0,STATIN-L_7_N001,STATIN-L_7_N001,STATIN-L_7_N001,DAM,MCC,LMP_CONG_PRC,STATIN-L_7_N001,ALL,1,0,27
2024-04-20T01:00:00-00:00,2024-04-20T02:00:00-00:00,2024-04-19,19,0,STATIN-L_7_N001,STATIN-L_7_N001,STATIN-L_7_N001,DAM,MCE,LMP_ENE_PRC,STATIN-L_7_N001,ALL,1,36.93976,28
2024-04-19T12:00:00-00:00,2024-04-19T13:00:00-00:00,2024-04-19,6,0,STATIN-L_7_N001,STATIN-L_7_N001,STATIN-L_7_N001,DAM,MCE,LMP_ENE_PRC,STATIN-L_7_N001,ALL,1,38.2786,28
2024-04-19T16:00:00-00:00,2024-04-19T17:00:00-00:00,2024-04-19,10,0,STATIN-L_7_N001,STATIN-L_7_N001,STATIN-L_7_N001,DAM,MCE,LMP_ENE_PRC,STATIN-L_7_N001,ALL,1,6.44365,28
2024-04-19T20:00:00-00:00,2024-04-19T21:00:00-00:00,2024-04-19,14,0,STATIN-L_7_N001,STATIN-L_7_N001,STATIN-L_7_N001,DAM,MCE,LMP_ENE_PRC,STATIN-L_7_N001,ALL,1,-18.35482,28
2024-04-20T02:00:00-00:00,2024-04-20T03:00:00-00:00,2024-04-19,20,0,STATIN-L_7_N001,STATIN-L_7_N001,STATIN-L_7_N001,DAM,MCE,LMP_ENE_PRC,STATIN-L_7_N001,ALL,1,44.42094,28
2024-04-20T03:00:00-00:00,2024-04-20T04:00:00-00:00,2024-04-19,21,0,STATIN-L_7_N001,STATIN-L_7_N001,STATIN-L_7_N001,DAM,MCE,LMP_ENE_PRC,STATIN-L_7_N001,ALL,1,44.75859,28
2024-04-19T11:00:00-00:00,2024-04-19T12:00:00-00:00,2024-04-19,5,0,STATIN-L_7_N001,STATIN-L_7_N001,STATIN-L_7_N001,DAM,MCE,LMP_ENE_PRC,STATIN-L_7_N001,ALL,1,33.85892,28
2024-04-19T13:00:00-00:00,2024-04-19T14:00:00-00:00,2024-04-19,7,0,STATIN-L_7_N001,STATIN-L_7_N001,STATIN-L_7_N001,DAM,MCE,LMP_ENE_PRC,STATIN-L_7_N001,ALL,1,41.61935,28
2024-04-20T05:00:00-00:00,2024-04-20T06:00:00-00:00,2024-04-19,23,0,STATIN-L_7_N001,STATIN-L_7_N001,STATIN-L_7_N001,DAM,MCE,LMP_ENE_PRC,STATIN-L_7_N001,ALL,1,37.00937,28
2024-04-19T17:00:00-00:00,2024-04-19T18:00:00-00:00,2024-04-19,11,0,STATIN-L_7_N001,STATIN-L_7_N001,STATIN-L_7_N001,DAM,MCE,LMP_ENE_PRC,STATIN-L_7_N001,ALL,1,-5.95279,28
2024-04-19T18:00:00-00:00,2024-04-19T19:00:00-00:00,2024-04-19,12,0,STATIN-L_7_N001,STATIN-L_7_N001,STATIN-L_7_N001,DAM,MCE,LMP_ENE_PRC,STATIN-L_7_N001,ALL,1,-9.1784,28
2024-04-19T22:00:00-00:00,2024-04-19T23:00:00-00:00,2024-04-19,16,0,STATIN-L_7_N001,STATIN-L_7_N001,STATIN-L_7_N001,DAM,MCE,LMP_ENE_PRC,STATIN-L_7_N001,ALL,1,-16.82814,28
2024-04-19T10:00:00-00:00,2024-04-19T11:00:00-00:00,2024-04-19,4,0,STATIN-L_7_N001,STATIN-L_7_N001,STATIN-L_7_N001,DAM,MCE,LMP_ENE_PRC,STATIN-L_7_N001,ALL,1,31.68586,28
2024-04-19T14:00:00-00:00,2024-04-19T15:00:00-00:00,2024-04-19,8,0,STATIN-L_7_N001,STATIN-L_7_N001,STATIN-L_7_N001,DAM,MCE,LMP_ENE_PRC,STATIN-L_7_N001,ALL,1,29.29106,28
2024-04-19T19:00:00-00:00,2024-04-19T20:00:00-00:00,2024-04-19,13,0,STATIN-L_7_N001,STATIN-L_7_N001,STATIN-L_7_N001,DAM,MCE,LMP_ENE_PRC,STATIN-L_7_N001,ALL,1,-14.59771,28
2024-04-19T23:00:00-00:00,2024-04-20T00:00:00-00:00,2024-04-19,17,0,STATIN-L_7_N001,STATIN-L_7_N001,STATIN-L_7_N001,DAM,MCE,LMP_ENE_PRC,STATIN-L_7_N001,ALL,1,-9.79993,28
2024-04-19T07:00:00-00:00,2024-04-19T08:00:00-00:00,2024-04-19,1,0,STATIN-L_7_N001,STATIN-L_7_N001,STATIN-L_7_N001,DAM,MCE,LMP_ENE_PRC,STATIN-L_7_N001,ALL,1,31.92512,28
2024-04-19T08:00:00-00:00,2024-04-19T09:00:00-00:00,2024-04-19,2,0,STATIN-L_7_N001,STATIN-L_7_N001,STATIN-L_7_N001,DAM,MCE,LMP_ENE_PRC,STATIN-L_7_N001,ALL,1,32.38314,28
2024-04-19T09:00:00-00:00,2024-04-19T10:00:00-00:00,2024-04-19,3,0,STATIN-L_7_N001,STATIN-L_7_N001,STATIN-L_7_N001,DAM,MCE,LMP_ENE_PRC,STATIN-L_7_N001,ALL,1,31.66135,28
2024-04-19T15:00:00-00:00,2024-04-19T16:00:00-00:00,2024-04-19,9,0,STATIN-L_7_N001,STATIN-L_7_N001,STATIN-L_7_N001,DAM,MCE,LMP_ENE_PRC,STATIN-L_7_N001,ALL,1,6.74152,28
2024-04-19T21:00:00-00:00,2024-04-19T22:00:00-00:00,2024-04-19,15,0,STATIN-L_7_N001,STATIN-L_7_N001,STATIN-L_7_N001,DAM,MCE,LMP_ENE_PRC,STATIN-L_7_N001,ALL,1,-19.9159,28
2024-04-20T04:00:00-00:00,2024-04-20T05:00:00-00:00,2024-04-19,22,0,STATIN-L_7_N001,STATIN-L_7_N001,STATIN-L_7_N001,DAM,MCE,LMP_ENE_PRC,STATIN-L_7_N001,ALL,1,41.80392,28
2024-04-20T00:00:00-00:00,2024-04-20T01:00:00-00:00,2024-04-19,18,0,STATIN-L_7_N001,STATIN-L_7_N001,STATIN-L_7_N001,DAM,MCE,LMP_ENE_PRC,STATIN-L_7_N001,ALL,1,3.03092,28
2024-04-20T06:00:00-00:00,2024-04-20T07:00:00-00:00,2024-04-19,24,0,STATIN-L_7_N001,STATIN-L_7_N001,STATIN-L_7_N001,DAM,MCE,LMP_ENE_PRC,STATIN-L_7_N001,ALL,1,34.81908,28
2024-04-19T12:00:00-00:00,2024-04-19T13:00:00-00:00,2024-04-19,6,0,STATIN-L_7_N001,STATIN-L_7_N001,STATIN-L_7_N001,DAM,MCL,LMP_LOSS_PRC,STATIN-L_7_N001,ALL,1,0.94931,29
2024-04-19T14:00:00-00:00,2024-04-19T15:00:00-00:00,2024-04-19,8,0,STATIN-L_7_N001,STATIN-L_7_N001,STATIN-L_7_N001,DAM,MCL,LMP_LOSS_PRC,STATIN-L_7_N001,ALL,1,1.37082,29
2024-04-19T11:00:00-00:00,2024-04-19T12:00:00-00:00,2024-04-19,5,0,STATIN-L_7_N001,STATIN-L_7_N001,STATIN-L_7_N001,DAM,MCL,LMP_LOSS_PRC,STATIN-L_7_N001,ALL,1,0.90065,29
2024-04-19T08:00:00-00:00,2024-04-19T09:00:00-00:00,2024-04-19,2,0,STATIN-L_7_N001,STATIN-L_7_N001,STATIN-L_7_N001,DAM,MCL,LMP_LOSS_PRC,STATIN-L_7_N001,ALL,1,1.03626,29
2024-04-19T18:00:00-00:00,2024-04-19T19:00:00-00:00,2024-04-19,12,0,STATIN-L_7_N001,STATIN-L_7_N001,STATIN-L_7_N001,DAM,MCL,LMP_LOSS_PRC,STATIN-L_7_N001,ALL,1,0,29
2024-04-19T09:00:00-00:00,2024-04-19T10:00:00-00:00,2024-04-19,3,0,STATIN-L_7_N001,STATIN-L_7_N001,STATIN-L_7_N001,DAM,MCL,LMP_LOSS_PRC,STATIN-L_7_N001,ALL,1,0.94351,29
2024-04-19T13:00:00-00:00,2024-04-19T14:00:00-00:00,2024-04-19,7,0,STATIN-L_7_N001,STATIN-L_7_N001,STATIN-L_7_N001,DAM,MCL,LMP_LOSS_PRC,STATIN-L_7_N001,ALL,1,1.12372,29
2024-04-19T10:00:00-00:00,2024-04-19T11:00:00-00:00,2024-04-19,4,0,STATIN-L_7_N001,STATIN-L_7_N001,STATIN-L_7_N001,DAM,MCL,LMP_LOSS_PRC,STATIN-L_7_N001,ALL,1,0.8777,29
2024-04-20T04:00:00-00:00,2024-04-20T05:00:00-00:00,2024-04-19,22,0,STATIN-L_7_N001,STATIN-L_7_N001,STATIN-L_7_N001,DAM,MCL,LMP_LOSS_PRC,STATIN-L_7_N001,ALL,1,0.94477,29
2024-04-19T15:00:00-00:00,2024-04-19T16:00:00-00:00,2024-04-19,9,0,STATIN-L_7_N001,STATIN-L_7_N001,STATIN-L_7_N001,DAM,MCL,LMP_LOSS_PRC,STATIN-L_7_N001,ALL,1,0.39168,29
2024-04-19T07:00:00-00:00,2024-04-19T08:00:00-00:00,2024-04-19,1,0,STATIN-L_7_N001,STATIN-L_7_N001,STATIN-L_7_N001,DAM,MCL,LMP_LOSS_PRC,STATIN-L_7_N001,ALL,1,0.98968,29
2024-04-20T05:00:00-00:00,2024-04-20T06:00:00-00:00,2024-04-19,23,0,STATIN-L_7_N001,STATIN-L_7_N001,STATIN-L_7_N001,DAM,MCL,LMP_LOSS_PRC,STATIN-L_7_N001,ALL,1,0.49222,29
2024-04-20T03:00:00-00:00,2024-04-20T04:00:00-00:00,2024-04-19,21,0,STATIN-L_7_N001,STATIN-L_7_N001,STATIN-L_7_N001,DAM,MCL,LMP_LOSS_PRC,STATIN-L_7_N001,ALL,1,1.07868,29
2024-04-19T23:00:00-00:00,2024-04-20T00:00:00-00:00,2024-04-19,17,0,STATIN-L_7_N001,STATIN-L_7_N001,STATIN-L_7_N001,DAM,MCL,LMP_LOSS_PRC,STATIN-L_7_N001,ALL,1,-0.55174,29
2024-04-20T02:00:00-00:00,2024-04-20T03:00:00-00:00,2024-04-19,20,0,STATIN-L_7_N001,STATIN-L_7_N001,STATIN-L_7_N001,DAM,MCL,LMP_LOSS_PRC,STATIN-L_7_N001,ALL,1,0.86177,29
2024-04-19T22:00:00-00:00,2024-04-19T23:00:00-00:00,2024-04-19,16,0,STATIN-L_7_N001,STATIN-L_7_N001,STATIN-L_7_N001,DAM,MCL,LMP_LOSS_PRC,STATIN-L_7_N001,ALL,1,-0.68995,29
2024-04-20T00:00:00-00:00,2024-04-20T01:00:00-00:00,2024-04-19,18,0,STATIN-L_7_N001,STATIN-L_7_N001,STATIN-L_7_N001,DAM,MCL,LMP_LOSS_PRC,STATIN-L_7_N001,ALL,1,0.17246,29
2024-04-19T20:00:00-00:00,2024-04-19T21:00:00-00:00,2024-04-19,14,0,STATIN-L_7_N001,STATIN-L_7_N001,STATIN-L_7_N001,DAM,MCL,LMP_LOSS_PRC,STATIN-L_7_N001,ALL,1,-0.8535,29
2024-04-19T17:00:00-00:00,2024-04-19T18:00:00-00:00,2024-04-19,11,0,STATIN-L_7_N001,STATIN-L_7_N001,STATIN-L_7_N001,DAM,MCL,LMP_LOSS_PRC,STATIN-L_7_N001,ALL,1,-0.2643,29
2024-04-20T06:00:00-00:00,2024-04-20T07:00:00-00:00,2024-04-19,24,0,STATIN-L_7_N001,STATIN-L_7_N001,STATIN-L_7_N001,DAM,MCL,LMP_LOSS_PRC,STATIN-L_7_N001,ALL,1,0.4422,29
2024-04-20T01:00:00-00:00,2024-04-20T02:00:00-00:00,2024-04-19,19,0,STATIN-L_7_N001,STATIN-L_7_N001,STATIN-L_7_N001,DAM,MCL,LMP_LOSS_PRC,STATIN-L_7_N001,ALL,1,0.857,29
2024-04-19T21:00:00-00:00,2024-04-19T22:00:00-00:00,2024-04-19,15,0,STATIN-L_7_N001,STATIN-L_7_N001,STATIN-L_7_N001,DAM,MCL,LMP_LOSS_PRC,STATIN-L_7_N001,ALL,1,-0.79464,29
2024-04-19T19:00:00-00:00,2024-04-19T20:00:00-00:00,2024-04-19,13,0,STATIN-L_7_N001,STATIN-L_7_N001,STATIN-L_7_N001,DAM,MCL,LMP_LOSS_PRC,STATIN-L_7_N001,ALL,1,-0.68901,29
2024-04-19T16:00:00-00:00,2024-04-19T17:00:00-00:00,2024-04-19,10,0,STATIN-L_7_N001,STATIN-L_7_N001,STATIN-L_7_N001,DAM,MCL,LMP_LOSS_PRC,STATIN-L_7_N001,ALL,1,0.32476,29
2024-04-20T02:00:00-00:00,2024-04-20T03:00:00-00:00,2024-04-19,20,0,STATIN-L_7_N001,STATIN-L_7_N001,STATIN-L_7_N001,DAM,MGHG,LMP_GHG_PRC,STATIN-L_7_N001,ALL,1,0,30
2024-04-19T11:00:00-00:00,2024-04-19T12:00:00-00:00,2024-04-19,5,0,STATIN-L_7_N001,STATIN-L_7_N001,STATIN-L_7_N001,DAM,MGHG,LMP_GHG_PRC,STATIN-L_7_N001,ALL,1,0,30
2024-04-19T16:00:00-00:00,2024-04-19T17:00:00-00:00,2024-04-19,10,0,STATIN-L_7_N001,STATIN-L_7_N001,STATIN-L_7_N001,DAM,MGHG,LMP_GHG_PRC,STATIN-L_7_N001,ALL,1,0,30
2024-04-19T21:00:00-00:00,2024-04-19T22:00:00-00:00,2024-04-19,15,0,STATIN-L_7_N001,STATIN-L_7_N001,STATIN-L_7_N001,DAM,MGHG,LMP_GHG_PRC,STATIN-L_7_N001,ALL,1,0,30
2024-04-20T06:00:00-00:00,2024-04-20T07:00:00-00:00,2024-04-19,24,0,STATIN-L_7_N001,STATIN-L_7_N001,STATIN-L_7_N001,DAM,MGHG,LMP_GHG_PRC,STATIN-L_7_N001,ALL,1,0,30
2024-04-19T22:00:00-00:00,2024-04-19T23:00:00-00:00,2024-04-19,16,0,STATIN-L_7_N001,STATIN-L_7_N001,STATIN-L_7_N001,DAM,MGHG,LMP_GHG_PRC,STATIN-L_7_N001,ALL,1,0,30
2024-04-19T23:00:00-00:00,2024-04-20T00:00:00-00:00,2024-04-19,17,0,STATIN-L_7_N001,STATIN-L_7_N001,STATIN-L_7_N001,DAM,MGHG,LMP_GHG_PRC,STATIN-L_7_N001,ALL,1,0,30
2024-04-19T20:00:00-00:00,2024-04-19T21:00:00-00:00,2024-04-19,14,0,STATIN-L_7_N001,STATIN-L_7_N001,STATIN-L_7_N001,DAM,MGHG,LMP_GHG_PRC,STATIN-L_7_N001,ALL,1,0,30
2024-04-19T18:00:00-00:00,2024-04-19T19:00:00-00:00,2024-04-19,12,0,STATIN-L_7_N001,STATIN-L_7_N001,STATIN-L_7_N001,DAM,MGHG,LMP_GHG_PRC,STATIN-L_7_N001,ALL,1,0,30
2024-04-19T08:00:00-00:00,2024-04-19T09:00:00-00:00,2024-04-19,2,0,STATIN-L_7_N001,STATIN-L_7_N001,STATIN-L_7_N001,DAM,MGHG,LMP_GHG_PRC,STATIN-L_7_N001,ALL,1,0,30
2024-04-20T03:00:00-00:00,2024-04-20T04:00:00-00:00,2024-04-19,21,0,STATIN-L_7_N001,STATIN-L_7_N001,STATIN-L_7_N001,DAM,MGHG,LMP_GHG_PRC,STATIN-L_7_N001,ALL,1,0,30
2024-04-19T07:00:00-00:00,2024-04-19T08:00:00-00:00,2024-04-19,1,0,STATIN-L_7_N001,STATIN-L_7_N001,STATIN-L_7_N001,DAM,MGHG,LMP_GHG_PRC,STATIN-L_7_N001,ALL,1,0,30
2024-04-19T09:00:00-00:00,2024-04-19T10:00:00-00:00,2024-04-19,3,0,STATIN-L_7_N001,STATIN-L_7_N001,STATIN-L_7_N001,DAM,MGHG,LMP_GHG_PRC,STATIN-L_7_N001,ALL,1,0,30
2024-04-19T19:00:00-00:00,2024-04-19T20:00:00-00:00,2024-04-19,13,0,STATIN-L_7_N001,STATIN-L_7_N001,STATIN-L_7_N001,DAM,MGHG,LMP_GHG_PRC,STATIN-L_7_N001,ALL,1,0,30
2024-04-19T15:00:00-00:00,2024-04-19T16:00:00-00:00,2024-04-19,9,0,STATIN-L_7_N001,STATIN-L_7_N001,STATIN-L_7_N001,DAM,MGHG,LMP_GHG_PRC,STATIN-L_7_N001,ALL,1,0,30
2024-04-19T12:00:00-00:00,2024-04-19T13:00:00-00:00,2024-04-19,6,0,STATIN-L_7_N001,STATIN-L_7_N001,STATIN-L_7_N001,DAM,MGHG,LMP_GHG_PRC,STATIN-L_7_N001,ALL,1,0,30
2024-04-19T13:00:00-00:00,2024-04-19T14:00:00-00:00,2024-04-19,7,0,STATIN-L_7_N001,STATIN-L_7_N001,STATIN-L_7_N001,DAM,MGHG,LMP_GHG_PRC,STATIN-L_7_N001,ALL,1,0,30
2024-04-19T10:00:00-00:00,2024-04-19T11:00:00-00:00,2024-04-19,4,0,STATIN-L_7_N001,STATIN-L_7_N001,STATIN-L_7_N001,DAM,MGHG,LMP_GHG_PRC,STATIN-L_7_N001,ALL,1,0,30
2024-04-19T14:00:00-00:00,2024-04-19T15:00:00-00:00,2024-04-19,8,0,STATIN-L_7_N001,STATIN-L_7_N001,STATIN-L_7_N001,DAM,MGHG,LMP_GHG_PRC,STATIN-L_7_N001,ALL,1,0,30
2024-04-20T05:00:00-00:00,2024-04-20T06:00:00-00:00,2024-04-19,23,0,STATIN-L_7_N001,STATIN-L_7_N001,STATIN-L_7_N001,DAM,MGHG,LMP_GHG_PRC,STATIN-L_7_N001,ALL,1,0,30
2024-04-20T04:00:00-00:00,2024-04-20T05:00:00-00:00,2024-04-19,22,0,STATIN-L_7_N001,STATIN-L_7_N001,STATIN-L_7_N001,DAM,MGHG,LMP_GHG_PRC,STATIN-L_7_N001,ALL,1,0,30
2024-04-19T17:00:00-00:00,2024-04-19T18:00:00-00:00,2024-04-19,11,0,STATIN-L_7_N001,STATIN-L_7_N001,STATIN-L_7_N001,DAM,MGHG,LMP_GHG_PRC,STATIN-L_7_N001,ALL,1,0,30
2024-04-20T00:00:00-00:00,2024-04-20T01:00:00-00:00,2024-04-19,18,0,STATIN-L_7_N001,STATIN-L_7_N001,STATIN-L_7_N001,DAM,MGHG,LMP_GHG_PRC,STATIN-L_7_N001,ALL,1,0,30
2024-04-20T01:00:00-00:00,2024-04-20T02:00:00-00:00,2024-04-19,19,0,STATIN-L_7_N001,STATIN-L_7_N001,STATIN-L_7_N001,DAM,MGHG,LMP_GHG_PRC,STATIN-L_7_N001,ALL,1,0,30
